,start_date,end_date,entry_nifty,entry_banknifty,entry_tte,entry_raw_pnl,exit_nifty,exit_banknifty,exit_tte,exit_raw_pnl,trade_type,net_profit,invested_value
0,2021-01-07 15:25:00,2021-01-08 14:42:00,0.18153249999999999,0.24954700000000002,21.0,4.827347049114768,0.1684315,0.2483595,20.0,0.0,1.0,-4.827347049114768,4.827347049114768
1,2021-01-11 13:54:00,2021-01-11 14:09:00,0.187939,0.2628375,17.0,3.9545913315751013,0.18835200000000002,0.274772,17.0,0.0,1.0,-3.9545913315751013,3.9545913315751013
2,2021-01-12 09:29:00,2021-01-12 10:54:00,0.193708,0.27469200000000005,16.0,3.9279612935129005,0.19449450000000001,0.2832,16.0,0.0,1.0,-3.927961293512901,3.9279612935129005
3,2021-01-13 09:27:00,2021-01-13 09:35:00,0.1933355,0.2790085,15.0,3.79639801350488,0.190896,0.283377,15.0,0.0,1.0,-3.7963980135048807,3.79639801350488
4,2021-01-13 12:15:00,2021-01-13 12:20:00,0.1949365,0.295621,15.0,4.461597420315993,0.1954345,0.289665,15.0,0.0,-1.0,4.461597420315993,4.461597420315993
5,2021-01-13 13:31:00,2021-01-13 13:38:00,0.195201,0.281579,15.0,3.827638434635469,0.1970715,0.29015349999999995,15.0,0.0,1.0,-3.827638434635471,3.827638434635469
6,2021-01-13 15:08:00,2021-01-22 10:23:00,0.1893475,0.2763995,15.0,3.8575051634893938,0.1728335,0.25691600000000003,6.0,0.0,1.0,-3.857505163489396,3.8575051634893938
7,2021-01-25 09:15:00,2021-01-25 09:39:00,0.2211245,0.29788950000000003,31.0,9.39873978072429,0.2243715,0.31261099999999997,3.0,0.0,-1.0,9.398739780724288,9.39873978072429
8,2021-01-25 09:41:00,2021-01-25 09:46:00,0.22447050000000002,0.31976499999999997,31.0,11.667403218058102,0.246817,0.3085295,3.0,0.0,-1.0,11.667403218058102,11.667403218058102
9,2021-01-25 09:48:00,2021-01-25 09:50:00,0.24824849999999998,0.293085,3.0,0.20873797222456808,0.22481800000000002,0.31470149999999997,31.0,11.004906234361114,1.0,10.796168262136547,0.20873797222456808
10,2021-01-25 09:51:00,2021-01-25 10:06:00,0.2238255,0.325585,31.0,12.458946925247353,0.217633,0.301524,3.0,0.0,-1.0,12.458946925247352,12.458946925247353
11,2021-01-25 10:08:00,2021-01-25 10:13:00,0.2217595,0.2977945,31.0,9.309362069007637,0.21880850000000002,0.304858,3.0,0.0,-1.0,9.30936206900764,9.309362069007637
12,2021-01-25 10:14:00,2021-01-25 10:15:00,0.2246495,0.3055735,31.0,9.907947867066138,0.218937,0.281589,3.0,0.0,-1.0,9.907947867066142,9.907947867066138
13,2021-01-25 10:21:00,2021-01-25 10:22:00,0.219795,0.302576,31.0,10.13531007344672,0.216172,0.30349400000000004,3.0,0.0,-1.0,10.135310073446718,10.13531007344672
14,2021-01-25 10:30:00,2021-01-25 10:41:00,0.22033,0.29518849999999996,31.0,9.165317030877988,0.2125155,0.2861355,3.0,0.0,-1.0,9.165317030878,9.165317030877988
15,2021-01-25 10:45:00,2021-01-25 10:47:00,0.22477550000000002,0.311288,31.0,10.592177102584639,0.21369100000000002,0.31689,3.0,0.0,-1.0,10.592177102584643,10.592177102584639
16,2021-01-25 11:17:00,2021-01-25 11:36:00,0.226937,0.303616,31.0,9.388210351672736,0.216284,0.318461,3.0,0.0,-1.0,9.388210351672711,9.388210351672736
17,2021-01-25 11:37:00,2021-01-25 12:35:00,0.22572399999999998,0.305542,31.0,9.772534512054335,0.21602300000000002,0.3096595,3.0,0.0,-1.0,9.772534512054364,9.772534512054335
18,2021-01-25 12:36:00,2021-01-25 12:40:00,0.22788799999999998,0.3224445,31.0,11.577046024569222,0.2122845,0.3099645,3.0,0.0,-1.0,11.577046024569228,11.577046024569222
19,2021-01-25 12:48:00,2021-01-25 12:55:00,0.22608699999999998,0.309307,31.0,10.189059135698239,0.21139750000000002,0.3046185,3.0,0.0,-1.0,10.189059135698258,10.189059135698239
20,2021-01-25 13:02:00,2021-01-25 13:03:00,0.2256205,0.3041975,31.0,9.62059240213603,0.209804,0.2888495,3.0,0.0,-1.0,9.620592402136026,9.62059240213603
21,2021-01-25 13:15:00,2021-01-25 13:17:00,0.222269,0.2945725,31.0,8.852495039869714,0.214601,0.31677500000000003,3.0,0.0,-1.0,8.852495039869709,8.852495039869714
22,2021-01-25 13:28:00,2021-01-25 13:30:00,0.2224555,0.2935045,31.0,8.698900054460754,0.203635,0.293238,3.0,0.0,-1.0,8.69890005446075,8.698900054460754
23,2021-01-25 13:35:00,2021-01-25 13:36:00,0.2244065,0.29742999999999997,31.0,8.940648399371062,0.2244065,0.3161405,3.0,0.0,-1.0,8.94064839937107,8.940648399371062
24,2021-01-25 13:39:00,2021-01-25 13:41:00,0.22666799999999998,0.29908,31.0,8.865779261405685,0.213047,0.297101,3.0,0.0,-1.0,8.865779261405663,8.865779261405685
25,2021-01-25 13:42:00,2021-01-25 14:11:00,0.2267345,0.2987795,31.0,8.820845535104292,0.21274349999999997,0.3092465,3.0,0.0,-1.0,8.820845535104354,8.820845535104292
26,2021-01-25 14:14:00,2021-01-25 14:23:00,0.22496,0.2967155,31.0,8.785400538471462,0.20346150000000002,0.3065285,3.0,0.0,-1.0,8.785400538471464,8.785400538471462
27,2021-01-25 14:30:00,2021-01-25 14:32:00,0.226133,0.3218305,31.0,11.71674461233456,0.21127,0.2970545,3.0,0.0,-1.0,11.716744612334566,11.71674461233456
28,2021-01-25 14:35:00,2021-01-25 14:36:00,0.22553299999999998,0.30042800000000003,31.0,9.16978591646383,0.19866450000000002,0.2963885,3.0,0.0,-1.0,9.169785916463837,9.16978591646383
29,2021-01-25 14:41:00,2021-01-25 14:42:00,0.222296,0.2928735,31.0,8.641171847509522,0.19695200000000002,0.298648,3.0,0.0,-1.0,8.641171847509526,8.641171847509522
30,2021-01-25 14:58:00,2021-01-28 14:45:00,0.225429,0.3004705,31.0,9.187722676417918,0.246994,0.31955,28.0,0.0,-1.0,9.187722676418048,9.187722676417918
31,2021-02-05 09:26:00,2021-02-08 13:52:00,0.1984345,0.3001105,20.0,6.740008533341208,0.207884,0.305879,17.0,0.0,-1.0,6.740008533341182,6.740008533341208
32,2021-02-17 09:21:00,2021-02-19 14:09:00,0.180981,0.267829,8.0,1.5961944757565196,0.189524,0.28782549999999996,6.0,0.0,1.0,-1.5961944757567892,1.5961944757565196
33,2021-02-22 09:15:00,2021-02-22 09:17:00,0.2053995,0.32004900000000003,31.0,14.03713693076466,0.220586,0.321701,3.0,0.4707445956193549,-1.0,13.56639233514531,14.03713693076466
34,2021-02-22 09:18:00,2021-02-22 09:19:00,0.2193755,0.291368,3.0,0.33516372744030465,0.2093865,0.317276,31.0,13.209474833224164,1.0,12.874311105783846,0.33516372744030465
35,2021-02-22 09:20:00,2021-02-22 09:30:00,0.209758,0.29604600000000003,31.0,10.564690395351233,0.2196145,0.2790685,3.0,0.2767902802546914,-1.0,10.287900115096534,10.564690395351233
36,2021-02-22 09:31:00,2021-02-22 09:38:00,0.22059600000000001,0.3423315,3.0,0.5667440905901198,0.208885,0.34287100000000004,31.0,16.404605591872922,1.0,15.837861501282873,0.5667440905901198
37,2021-02-22 09:39:00,2021-02-22 09:48:00,0.2088195,0.342786,31.0,16.402218105053084,0.222144,0.3169765,3.0,0.441496186164985,-1.0,15.960721918888112,16.402218105053084
38,2021-02-22 09:49:00,2021-02-22 09:50:00,0.22238049999999998,0.3175325,3.0,0.442983630147583,0.2099135,0.3192175,31.0,13.382659454077864,1.0,12.939675823930259,0.442983630147583
39,2021-02-22 09:51:00,2021-02-22 10:10:00,0.2099545,0.32758,31.0,14.401504150036924,0.2302745,0.34650650000000005,3.0,0.0,-1.0,14.401504150036828,14.401504150036924
40,2021-02-22 10:11:00,2021-02-22 10:15:00,0.2303665,0.3208405,3.0,0.4212050293632546,0.2116835,0.2982455,31.0,10.598237646050357,1.0,10.177032616687143,0.4212050293632546
41,2021-02-22 10:16:00,2021-02-22 10:19:00,0.21205649999999998,0.2991895,31.0,10.668148157543795,0.2299855,0.321422,3.0,0.4256859834579353,-1.0,10.242462174085858,10.668148157543795
42,2021-02-22 10:20:00,2021-02-22 10:32:00,0.22865249999999998,0.297792,3.0,0.3218814811731632,0.208482,0.3202555,31.0,13.685013233645362,1.0,13.363131752472157,0.3218814811731632
43,2021-02-22 10:33:00,2021-02-22 10:34:00,0.2082445,0.2923465,31.0,10.297047001087396,0.2265405,0.31996349999999996,3.0,0.43493420715568376,-1.0,9.862112793931715,10.297047001087396
44,2021-02-22 10:35:00,2021-02-22 10:37:00,0.2264275,0.3198225,3.0,0.43480385212747513,0.2080975,0.345547,31.0,16.82865998164089,1.0,16.393856129513438,0.43480385212747513
45,2021-02-22 10:38:00,2021-02-22 10:42:00,0.2085285,0.34624699999999997,31.0,16.86159505623236,0.2256705,0.320503,3.0,0.441496186164985,-1.0,16.42009887006742,16.86159505623236
46,2021-02-22 10:43:00,2021-02-22 10:50:00,0.2172665,0.3197145,31.0,12.543243575270525,0.2254,0.3476785,3.0,0.0,-1.0,12.543243575270537,12.543243575270525
47,2021-02-22 10:51:00,2021-02-22 10:52:00,0.226377,0.320291,3.0,0.43722007568606125,0.2094915,0.32069250000000005,31.0,13.614919069319637,1.0,13.177698993633555,0.43722007568606125
48,2021-02-22 10:53:00,2021-02-22 10:58:00,0.2092925,0.3211575,31.0,13.696216056415322,0.226829,0.32145599999999996,3.0,0.44053947336866606,-1.0,13.255676583046693,13.696216056415322
49,2021-02-22 10:59:00,2021-02-22 11:00:00,0.20947,0.32059099999999996,31.0,13.605124251597253,0.226634,0.3194205,3.0,0.4319709580322925,-1.0,13.173153293564951,13.605124251597253
50,2021-02-22 11:01:00,2021-02-22 11:02:00,0.2162245,0.3224725,3.0,0.4946414656120775,0.21116849999999998,0.3202195,31.0,13.351683343030864,1.0,12.857041877418794,0.4946414656120775
51,2021-02-22 11:03:00,2021-02-22 11:04:00,0.210136,0.3205965,31.0,13.52425578777692,0.216495,0.3197335,3.0,0.0,-1.0,13.524255787776895,13.52425578777692
52,2021-02-22 11:06:00,2021-02-22 12:07:00,0.21288600000000002,0.322128,31.0,13.375068470343027,0.2347515,0.33197699999999997,3.0,0.45263688554012327,-1.0,12.922431584802894,13.375068470343027
53,2021-02-22 12:08:00,2021-02-22 12:12:00,0.23345749999999998,0.3578885,3.0,0.5792930898235864,0.2186215,0.32669000000000004,31.0,13.231390737877977,1.0,12.65209764805445,0.5792930898235864
54,2021-02-22 12:13:00,2021-02-22 12:14:00,0.2183855,0.3252005,31.0,13.077918187690543,0.2359575,0.329749,3.0,0.4366497724376475,-1.0,12.641268415252853,13.077918187690543
55,2021-02-22 12:15:00,2021-02-22 12:30:00,0.23576350000000001,0.359541,3.0,0.5762506965759253,0.218947,0.354866,31.0,16.641272875089747,1.0,16.065022178513914,0.5762506965759253
56,2021-02-22 12:31:00,2021-02-22 12:34:00,0.21889599999999998,0.3200735,31.0,12.387689626317094,0.234402,0.3039345,3.0,0.3237111071048092,-1.0,12.063978519212355,12.387689626317094
57,2021-02-22 12:35:00,2021-02-22 12:38:00,0.235259,0.3039905,3.0,0.3199820221906906,0.2202855,0.301201,31.0,9.906907167683137,1.0,9.5869251454925,0.3199820221906906
58,2021-02-22 12:39:00,2021-02-22 12:41:00,0.235954,0.332456,3.0,0.44926860472194,0.2187665,0.3296555,31.0,13.576719280202376,1.0,13.127450675480418,0.44926860472194
59,2021-02-22 12:42:00,2021-02-22 12:47:00,0.21852549999999998,0.3295415,31.0,13.592268553336643,0.2348535,0.332145,3.0,0.45294415096375884,-1.0,13.13932440237295,13.592268553336643
60,2021-02-22 12:48:00,2021-02-22 12:54:00,0.235214,0.33393649999999997,3.0,0.4596062240125771,0.22123199999999998,0.33779250000000005,31.0,14.271110639107846,1.0,13.811504415095214,0.4596062240125771
61,2021-02-22 12:55:00,2021-02-22 13:06:00,0.2231515,0.33929200000000004,31.0,14.219687846065385,0.22867949999999998,0.29733299999999996,3.0,0.31961889032639434,-1.0,13.900068955738789,14.219687846065385
62,2021-02-22 13:07:00,2021-02-22 13:10:00,0.2341575,0.3586505,3.0,0.5795817331003346,0.224541,0.296668,31.0,8.830885223269727,1.0,8.251303490169335,0.5795817331003346
63,2021-02-22 13:11:00,2021-02-22 13:13:00,0.22457349999999998,0.2979925,31.0,8.989071529486049,0.2264505,0.3261385,3.0,0.0,-1.0,8.989071529486068,8.989071529486049
64,2021-02-22 13:16:00,2021-02-22 13:17:00,0.233131,0.326004,3.0,0.4323736619587237,0.2234445,0.2970455,31.0,9.011354739804448,1.0,8.578981077845697,0.4323736619587237
65,2021-02-22 13:20:00,2021-02-22 13:21:00,0.2328165,0.3262385,3.0,0.4349295516189621,0.221991,0.296161,31.0,9.081020380854822,1.0,8.646090829235845,0.4349295516189621
66,2021-02-22 13:22:00,2021-02-22 13:54:00,0.2243225,0.296455,31.0,8.831558616988142,0.235997,0.2916035,3.0,0.25887810271777334,-1.0,8.57268051427036,8.831558616988142
67,2021-02-22 13:55:00,2021-02-22 13:57:00,0.2350535,0.2864975,3.0,0.23949943111350536,0.227709,0.317917,31.0,11.044636463747496,1.0,10.80513703263398,0.23949943111350536
68,2021-02-22 13:58:00,2021-02-22 14:01:00,0.233088,0.28983749999999997,3.0,0.264199381190729,0.2284355,0.356162,31.0,15.638222322708007,1.0,15.374022941517296,0.264199381190729
69,2021-02-22 14:02:00,2021-02-22 14:13:00,0.228994,0.32763699999999996,31.0,12.077377557350163,0.235226,0.3352595,3.0,0.0,-1.0,12.077377557350133,12.077377557350163
70,2021-02-22 14:15:00,2021-02-22 14:18:00,0.227467,0.35111749999999997,31.0,15.139176359753119,0.2324235,0.3289535,3.0,0.0,-1.0,15.13917635975315,15.139176359753119
71,2021-02-22 14:19:00,2021-02-22 14:21:00,0.23183949999999998,0.2971695,3.0,0.30414621403167136,0.23068650000000002,0.3300845,31.0,12.169816149605062,1.0,11.86566993557335,0.30414621403167136
72,2021-02-22 14:22:00,2021-02-22 14:23:00,0.230804,0.32918899999999995,31.0,12.045789270195511,0.2309775,0.303088,3.0,0.33571308077347073,-1.0,11.710076189422011,12.045789270195511
73,2021-02-22 14:24:00,2021-02-22 14:30:00,0.2321875,0.329132,3.0,0.45132867972131274,0.2271725,0.333064,31.0,12.964849260607906,1.0,12.51352058088662,0.45132867972131274
74,2021-02-22 14:34:00,2021-02-22 14:37:00,0.22721,0.3334795,31.0,13.011129774346113,0.227429,0.35162950000000004,3.0,0.0,-1.0,13.01112977434616,13.011129774346113
75,2021-02-22 14:38:00,2021-02-22 15:03:00,0.22699249999999999,0.305038,31.0,9.555518081893014,0.23089500000000002,0.284037,3.0,0.24740453246702998,-1.0,9.308113549426025,9.555518081893014
76,2021-02-22 15:04:00,2021-02-22 15:06:00,0.23164050000000003,0.3145245,3.0,0.38586950564520184,0.22631400000000002,0.29661000000000004,31.0,8.606706332648924,1.0,8.220836827003723,0.38586950564520184
77,2021-02-22 15:07:00,2021-02-22 15:10:00,0.226485,0.29616600000000004,31.0,8.531408671408187,0.233678,0.296731,3.0,0.29354555691625567,-1.0,8.237863114491915,8.531408671408187
78,2021-02-22 15:11:00,2021-02-22 15:18:00,0.2315585,0.3112465,3.0,0.37099041028250146,0.2280515,0.296842,31.0,8.42238010663602,1.0,8.051389696353453,0.37099041028250146
79,2021-02-22 15:19:00,2021-02-23 09:42:00,0.229488,0.296983,31.0,8.263765277144346,0.2471685,0.2928165,2.0,0.12046579422192205,-1.0,8.143299482922657,8.263765277144346
80,2021-02-23 09:43:00,2021-02-23 09:47:00,0.2470625,0.2928075,2.0,0.12072177875661211,0.2265475,0.333017,30.0,12.450734466972781,1.0,12.33001268821613,0.12072177875661211
81,2021-02-23 09:48:00,2021-02-23 09:49:00,0.227185,0.379724,30.0,17.838184502205433,0.23837400000000003,0.290314,2.0,0.13707048177108822,-1.0,17.701114020434375,17.838184502205433
82,2021-02-23 09:50:00,2021-02-23 09:52:00,0.2381325,0.290299,2.0,0.1376682188546683,0.223418,0.3329105,30.0,12.804249513945468,1.0,12.666581295090737,0.1376682188546683
83,2021-02-23 09:53:00,2021-02-23 09:56:00,0.22388249999999998,0.330707,30.0,12.492248804278535,0.2364535,0.33081150000000004,2.0,0.24901225488941756,-1.0,12.243236549389167,12.492248804278535
84,2021-02-23 09:57:00,2021-02-23 10:20:00,0.222366,0.334093,30.0,13.065555955381283,0.2350985,0.32134700000000005,2.0,0.2276111560845921,-1.0,12.83794479929702,13.065555955381283
85,2021-02-23 10:21:00,2021-02-23 10:25:00,0.23395,0.35823400000000005,2.0,0.3279874423649969,0.2178755,0.3505955,30.0,15.520515062591892,1.0,15.192527620226883,0.3279874423649969
86,2021-02-23 10:26:00,2021-02-23 10:27:00,0.21726800000000002,0.35082250000000004,30.0,15.618102990709232,0.2310465,0.286948,2.0,0.14752494294814186,-1.0,15.470578047761137,15.618102990709232
87,2021-02-23 10:28:00,2021-02-23 11:30:00,0.217204,0.3195295,30.0,11.966127667550083,0.2242025,0.29130999999999996,2.0,0.17709775424438387,-1.0,11.78902991330608,11.966127667550083
88,2021-02-23 11:31:00,2021-02-23 11:38:00,0.227854,0.290501,2.0,0.16532642417237903,0.222422,0.3212665,30.0,11.559053278363203,1.0,11.393726854190732,0.16532642417237903
89,2021-02-23 11:39:00,2021-02-23 13:07:00,0.2235665,0.295065,30.0,8.361162946072383,0.21939350000000002,0.31347400000000003,2.0,0.24827992799893858,-1.0,8.112883018073717,8.361162946072383
90,2021-02-23 13:08:00,2021-02-23 13:11:00,0.21801700000000002,0.314696,2.0,0.2551374106112252,0.221792,0.3148945,30.0,10.887573490166984,1.0,10.632436079555646,0.2551374106112252
91,2021-02-23 13:12:00,2021-02-23 13:14:00,0.22143849999999998,0.31606449999999997,30.0,11.065734315196055,0.216779,0.313646,2.0,0.25563354558567586,-1.0,10.810100769610472,11.065734315196055
92,2021-02-23 13:15:00,2021-02-23 13:19:00,0.21755449999999998,0.31163450000000004,2.0,0.24827860849102787,0.2215955,0.34202350000000004,30.0,14.083066515655645,1.0,13.83478790716481,0.24827860849102787
93,2021-02-23 13:20:00,2021-02-23 13:31:00,0.2231935,0.28806149999999997,30.0,7.585780372816536,0.218746,0.29187549999999995,2.0,0.19298990752173262,-1.0,7.392790465294638,7.585780372816536
94,2021-02-23 13:32:00,2021-02-23 13:33:00,0.21880549999999999,0.292514,2.0,0.19451789768240776,0.22215849999999998,0.3161225,30.0,10.988318846755458,1.0,10.793800949073102,0.19451789768240776
95,2021-02-23 13:34:00,2021-02-23 15:03:00,0.22187400000000002,0.31646450000000004,30.0,11.061582881465482,0.2221105,0.3111815,2.0,0.23505977824090496,-1.0,10.826523103225327,11.061582881465482
96,2021-02-23 15:04:00,2021-02-23 15:05:00,0.22620200000000001,0.3111815,30.0,9.937655287534113,0.2181655,0.310556,2.0,0.24381999126052611,-1.0,9.693835296273619,9.937655287534113
97,2021-02-23 15:06:00,2021-02-24 14:55:00,0.224722,0.30486199999999997,30.0,9.371715469530693,0.222171,0.288246,29.0,0.0,-1.0,9.37171546953141,9.371715469530693
98,2021-03-04 11:57:00,2021-03-04 13:35:00,0.22345199999999998,0.3010465,21.0,5.507290072007229,0.22403499999999998,0.31163399999999997,21.0,0.0,1.0,-5.507290072006981,5.507290072007229
99,2021-03-04 15:03:00,2021-03-05 09:15:00,0.2309485,0.3088015,21.0,5.525637177583189,0.2429005,0.3421675,20.0,0.0,1.0,-5.525637177583349,5.525637177583189
100,2021-03-05 13:14:00,2021-03-05 13:40:00,0.2536315,0.3360835,20.0,5.465667252754329,0.2561525,0.34838749999999996,20.0,0.0,1.0,-5.465667252754201,5.465667252754329
101,2021-03-05 15:28:00,2021-03-10 15:30:00,0.2491085,0.3310155,20.0,5.429539703965325,0.2028825,0.280872,15.0,0.0,1.0,-5.429539703963201,5.429539703965325
102,2021-03-15 14:56:00,2021-03-16 15:18:00,0.23851450000000002,0.32217450000000003,10.0,2.1014441886009143,0.21861150000000001,0.32164899999999996,9.0,0.0,1.0,-2.101444188600908,2.1014441886009143
103,2021-03-17 09:40:00,2021-03-17 15:07:00,0.2293025,0.32580299999999995,8.0,1.7735994497022614,0.228786,0.3389635,8.0,0.0,1.0,-1.7735994497024876,1.7735994497022614
104,2021-03-18 09:26:00,2021-03-19 11:25:00,0.2212625,0.3255245,7.0,1.5895101574059647,0.2577875,0.375235,6.0,0.0,1.0,-1.5895101574039927,1.5895101574059647
105,2021-03-22 09:19:00,2021-03-30 09:15:00,0.29128,0.443623,3.0,0.7092384308009629,0.1943055,0.3039795,30.0,12.825474449779263,1.0,12.11623601897918,0.7092384308009629
106,2021-03-30 09:16:00,2021-04-01 12:20:00,0.194226,0.292458,30.0,11.487426428786367,0.1936545,0.2829475,28.0,0.0,-1.0,11.487426428785284,11.487426428786367
107,2021-04-07 09:20:00,2021-04-07 09:43:00,0.2062195,0.338947,22.0,10.054319166082971,0.2050905,0.326431,22.0,0.0,-1.0,10.054319166082678,10.054319166082971
108,2021-04-07 11:21:00,2021-04-07 11:27:00,0.2010155,0.3054515,22.0,7.911193056669047,0.199655,0.315926,22.0,0.0,1.0,-7.911193056669163,7.911193056669047
109,2021-04-07 15:30:00,2021-04-08 15:25:00,0.19655899999999998,0.2993395,22.0,7.7857862993696925,0.1916135,0.303219,21.0,0.0,1.0,-7.7857862993698745,7.7857862993696925
110,2021-04-15 09:24:00,2021-04-15 14:59:00,0.2086345,0.324249,14.0,4.651484255401409,0.202783,0.334303,14.0,0.0,1.0,-4.651484255405421,4.651484255401409
111,2021-04-16 09:17:00,2021-04-16 15:13:00,0.209492,0.33030349999999997,13.0,4.381562084521884,0.192923,0.3214805,13.0,0.0,1.0,-4.381562084522784,4.381562084521884
112,2021-04-19 09:15:00,2021-04-19 09:16:00,0.254967,0.35120450000000003,10.0,2.417376704524032,0.23914849999999999,0.40046649999999995,10.0,0.0,1.0,-2.417376704524031,2.417376704524032
113,2021-04-20 09:15:00,2021-04-23 12:25:00,0.2209785,0.3445125,9.0,2.6774786544431843,0.227716,0.36753650000000004,6.0,0.0,1.0,-2.677478654445622,2.6774786544431843
114,2021-04-26 09:15:00,2021-04-26 09:20:00,0.2239815,0.384542,31.0,19.65826038641284,0.238298,0.38696850000000005,3.0,0.6921409721903505,-1.0,18.966119414222476,19.65826038641284
115,2021-04-26 09:21:00,2021-04-26 09:30:00,0.239616,0.38655249999999997,3.0,0.6840682715148426,0.24298550000000002,0.392849,31.0,18.348570821710076,1.0,17.66450255019504,0.6840682715148426
116,2021-04-26 09:31:00,2021-04-26 12:21:00,0.221218,0.42484299999999997,31.0,24.930871983976846,0.262347,0.404628,3.0,0.6623944203067538,-1.0,24.268477563671695,24.930871983976846
117,2021-04-26 12:22:00,2021-04-26 12:45:00,0.263035,0.4044145,3.0,0.6581974539520997,0.225523,0.3901245,31.0,20.153021116614195,1.0,19.494823662662384,0.6581974539520997
118,2021-04-26 12:46:00,2021-04-26 12:51:00,0.225413,0.3891835,31.0,20.05127744752305,0.25971299999999997,0.390174,3.0,0.6073659762557154,-1.0,19.443911471267256,20.05127744752305
119,2021-04-26 12:52:00,2021-04-26 12:55:00,0.2598275,0.39044500000000004,3.0,0.6080945677526687,0.225451,0.354769,31.0,15.833077977772465,1.0,15.224983410019604,0.6080945677526687
120,2021-04-26 12:56:00,2021-04-26 13:10:00,0.2245495,0.39002000000000003,31.0,20.259417324123472,0.25759200000000004,0.3899675,3.0,0.616279001309498,-1.0,19.643138322813684,20.259417324123472
121,2021-04-26 13:11:00,2021-04-26 13:33:00,0.2575635,0.389658,3.0,0.6149707954906874,0.2271105,0.42223,31.0,23.889499207256332,1.0,23.27452841176614,0.6149707954906874
122,2021-04-26 13:34:00,2021-04-26 13:38:00,0.22638950000000002,0.3915795,31.0,20.225074244484397,0.23867,0.392181,3.0,0.7146760976919624,-1.0,19.510398146792568,20.225074244484397
123,2021-04-26 13:39:00,2021-04-26 13:44:00,0.23929050000000002,0.35887800000000003,3.0,0.5567439977118094,0.2273195,0.395206,31.0,20.555220819339123,1.0,19.998476821627264,0.5567439977118094
124,2021-04-26 13:45:00,2021-04-26 13:48:00,0.22750900000000002,0.395011,31.0,20.50814447666097,0.23862099999999997,0.361321,3.0,0.5712343557582441,-1.0,19.936910120902667,20.50814447666097
125,2021-04-26 13:49:00,2021-04-26 13:51:00,0.2388915,0.41606350000000003,3.0,0.8248307520651965,0.2277965,0.394208,31.0,20.374628867582878,1.0,19.54979811551766,0.8248307520651965
126,2021-04-26 13:52:00,2021-04-26 13:53:00,0.2379395,0.35797650000000003,3.0,0.5588366614682342,0.2235765,0.406558,31.0,22.403380488329326,1.0,21.844543826861127,0.5588366614682342
127,2021-04-26 13:54:00,2021-04-26 14:06:00,0.223857,0.379141,31.0,19.012230940011595,0.2509615,0.4111865,3.0,0.7459333712417656,-1.0,18.266297568769915,19.012230940011595
128,2021-04-26 14:07:00,2021-04-26 14:21:00,0.2511905,0.3850745,3.0,0.623301878454252,0.2269085,0.391255,31.0,20.121800135124133,1.0,19.49849825666979,0.623301878454252
129,2021-04-26 14:22:00,2021-04-26 14:46:00,0.22643000000000002,0.3913185,31.0,20.188160025193206,0.2467835,0.353645,3.0,0.4974976373908686,-1.0,19.690662387802604,20.188160025193206
130,2021-04-26 14:47:00,2021-04-26 14:55:00,0.2473875,0.352688,3.0,0.49023034456822295,0.228564,0.39181750000000004,31.0,19.98797843799222,1.0,19.497748093423752,0.49023034456822295
131,2021-04-26 14:56:00,2021-04-26 15:00:00,0.2283825,0.38843,31.0,19.59545111776813,0.238056,0.3893575,3.0,0.7043896893052646,-1.0,18.89106142846299,19.59545111776813
132,2021-04-26 15:01:00,2021-04-26 15:03:00,0.239099,0.38797550000000003,3.0,0.6931000127550302,0.2295575,0.388849,31.0,19.502890090291704,1.0,18.80979007753649,0.6931000127550302
133,2021-04-26 15:04:00,2021-04-26 15:05:00,0.2296175,0.389106,31.0,19.527009828933046,0.238565,0.38992,3.0,0.7046387605198777,-1.0,18.822371068413077,19.527009828933046
134,2021-04-26 15:06:00,2021-04-27 09:15:00,0.23900899999999997,0.38847149999999997,3.0,0.6958281572739733,0.2309855,0.3948925,30.0,19.167578830351484,1.0,18.471750673077167,0.6958281572739733
135,2021-04-27 09:16:00,2021-04-27 11:09:00,0.22917549999999998,0.37349699999999997,30.0,16.877215299923567,0.22866,0.373683,2.0,0.3827179914880348,-1.0,16.494497308436394,16.877215299923567
136,2021-04-27 11:10:00,2021-04-27 11:17:00,0.22816,0.3701645,2.0,0.37475212223069887,0.2245005,0.375469,30.0,17.654527412800665,1.0,17.279775290570115,0.37475212223069887
137,2021-04-27 11:18:00,2021-04-27 11:21:00,0.223638,0.37583750000000005,30.0,17.798482762725705,0.22762,0.372577,2.0,0.3825438164438128,-1.0,17.415938946281813,17.798482762725705
138,2021-04-27 11:22:00,2021-04-27 11:23:00,0.2277025,0.3720755,2.0,0.3810026312040301,0.223731,0.3729625,30.0,17.451399514490518,1.0,17.07039688328655,0.3810026312040301
139,2021-04-27 11:24:00,2021-04-27 11:40:00,0.223802,0.3735155,30.0,17.507765459790168,0.2268365,0.37028950000000005,2.0,0.3785747366482081,-1.0,17.12919072314162,17.507765459790168
140,2021-04-27 11:41:00,2021-04-27 11:58:00,0.2266765,0.3709095,2.0,0.38063316898901367,0.22095,0.3633415,30.0,16.651517635134518,1.0,16.270884466144935,0.38063316898901367
141,2021-04-27 11:59:00,2021-04-27 12:32:00,0.2206535,0.363599,30.0,16.716303389690548,0.23271,0.39030200000000004,2.0,0.4158877813490439,-1.0,16.300415608340927,16.716303389690548
142,2021-04-27 12:33:00,2021-04-27 12:34:00,0.23243599999999998,0.3907095,2.0,0.4176862706314274,0.220634,0.39089799999999997,30.0,19.91097782261261,1.0,19.4932915519812,0.4176862706314274
143,2021-04-27 12:35:00,2021-04-27 12:37:00,0.2324325,0.39181200000000005,2.0,0.4206050221300572,0.219891,0.36591399999999996,30.0,17.07619176450313,1.0,16.65558674237309,0.4206050221300572
144,2021-04-27 12:38:00,2021-04-27 12:56:00,0.22004,0.3651455,30.0,16.968897667381917,0.233515,0.366432,2.0,0.35077006595240146,-1.0,16.618127601428796,16.968897667381917
145,2021-04-27 12:57:00,2021-04-27 13:07:00,0.2332935,0.39239100000000005,2.0,0.4198608196683812,0.21849000000000002,0.39132049999999996,30.0,20.211108940063948,1.0,19.791248120395494,0.4198608196683812
146,2021-04-27 13:08:00,2021-04-27 13:45:00,0.233537,0.3913225,2.0,0.41639843091051304,0.2183615,0.358678,30.0,16.40886341003749,1.0,15.99246497912668,0.41639843091051304
147,2021-04-27 13:46:00,2021-04-29 09:28:00,0.217895,0.35369799999999996,30.0,15.881046617278225,0.20083299999999998,0.31800399999999995,28.0,0.0,-1.0,15.881046617278116,15.881046617278225
148,2021-05-04 09:16:00,2021-05-14 11:41:00,0.2153835,0.3314505,23.0,9.356808254572677,0.195049,0.2960115,13.0,0.0,1.0,-9.356808254572798,9.356808254572677
149,2021-05-19 12:23:00,2021-05-21 15:12:00,0.174077,0.27037849999999997,8.0,1.7699419941399506,0.1491025,0.262285,6.0,0.0,1.0,-1.769941994139117,1.7699419941399506
150,2021-05-24 09:15:00,2021-05-24 09:19:00,0.193297,0.295393,3.0,0.4753116771433878,0.175612,0.2961155,31.0,14.753872717599283,1.0,14.27856104045577,0.4753116771433878
151,2021-05-24 09:20:00,2021-05-24 09:30:00,0.17559799999999998,0.3206915,31.0,17.764554815013607,0.1876855,0.324251,3.0,0.0,-1.0,17.764554815013526,17.764554815013607
152,2021-05-24 09:33:00,2021-05-24 09:34:00,0.17353849999999998,0.2993675,31.0,15.405901489855488,0.18048799999999998,0.306426,3.0,0.0,-1.0,15.405901489855523,15.405901489855488
153,2021-05-24 09:38:00,2021-05-24 09:42:00,0.173,0.30207300000000004,31.0,15.803081348497704,0.1872235,0.3043685,3.0,0.0,-1.0,15.803081348497699,15.803081348497704
154,2021-05-24 09:43:00,2021-05-24 09:59:00,0.18791799999999997,0.30214399999999997,3.0,0.5317833375781676,0.1765135,0.306045,31.0,15.85921789756905,1.0,15.327434559990934,0.5317833375781676
155,2021-05-24 10:00:00,2021-05-24 10:13:00,0.1761545,0.28328549999999997,31.0,13.116607717693913,0.1836485,0.304618,3.0,0.0,-1.0,13.116607717694023,13.116607717693913
156,2021-05-24 10:15:00,2021-05-24 10:56:00,0.184817,0.297085,3.0,0.5226677966769887,0.1727285,0.29720500000000005,31.0,15.240307852736626,1.0,14.717640056059281,0.5226677966769887
157,2021-05-24 10:57:00,2021-05-24 11:01:00,0.172266,0.297134,31.0,15.288241241965483,0.175309,0.2948855,3.0,0.0,-1.0,15.28824124196558,15.288241241965483
158,2021-05-24 11:08:00,2021-05-24 11:13:00,0.1729985,0.297921,31.0,15.294913961538846,0.17531449999999998,0.28144100000000005,3.0,0.49407581790038557,-1.0,14.80083814363843,15.294913961538846
159,2021-05-24 11:14:00,2021-05-24 11:16:00,0.1755425,0.299554,3.0,0.5773400921688138,0.17190450000000002,0.297147,31.0,15.334093232428335,1.0,14.756753140259661,0.5773400921688138
160,2021-05-24 11:17:00,2021-05-24 11:20:00,0.1718025,0.2975005,31.0,15.3898624758351,0.1749505,0.29635900000000004,3.0,0.0,-1.0,15.389862475835116,15.3898624758351
161,2021-05-24 11:25:00,2021-05-24 11:26:00,0.1716255,0.2942495,31.0,15.013496604852929,0.17486049999999997,0.27939800000000004,3.0,0.486678170049531,-1.0,14.526818434803317,15.013496604852929
162,2021-05-24 11:27:00,2021-05-24 11:46:00,0.1751695,0.2794045,3.0,0.48526987019120255,0.1717815,0.29635599999999995,31.0,15.252306504446523,1.0,14.767036634255419,0.48526987019120255
163,2021-05-24 11:47:00,2021-05-24 11:48:00,0.1720015,0.274857,31.0,12.593135928043862,0.1743405,0.2750025,3.0,0.4686356374844037,-1.0,12.124500290559354,12.593135928043862
164,2021-05-24 11:49:00,2021-05-24 13:09:00,0.17440250000000002,0.2975425,3.0,0.573282791915812,0.16811399999999999,0.2875535,31.0,14.623601641891732,1.0,14.050318849975838,0.573282791915812
165,2021-05-24 13:10:00,2021-05-24 13:19:00,0.1683595,0.2734215,31.0,12.86328924434905,0.17136600000000002,0.28929550000000004,3.0,0.0,-1.0,12.86328924434929,12.86328924434905
166,2021-05-24 13:22:00,2021-05-24 13:30:00,0.1681885,0.291898,31.0,15.146400037823373,0.170793,0.293839,3.0,0.0,-1.0,15.146400037823469,15.146400037823373
167,2021-05-24 13:33:00,2021-05-24 13:35:00,0.16985250000000002,0.29354349999999996,31.0,15.144134986225065,0.170276,0.29308100000000004,3.0,0.0,-1.0,15.144134986224799,15.144134986225065
168,2021-05-24 13:40:00,2021-05-24 14:00:00,0.17461549999999998,0.27881999999999996,3.0,0.4851278763211892,0.16988999999999999,0.2895955,31.0,14.656169410818618,1.0,14.171041534496908,0.4851278763211892
169,2021-05-24 14:02:00,2021-05-24 14:37:00,0.1752625,0.29169999999999996,3.0,0.542079057038309,0.16735250000000002,0.28660050000000004,31.0,14.600155296968799,1.0,14.058076239931324,0.542079057038309
170,2021-05-24 14:38:00,2021-05-24 15:05:00,0.16721750000000002,0.286998,31.0,14.665352052433335,0.16938,0.31235999999999997,3.0,0.0,-1.0,14.665352052434173,14.665352052433335
171,2021-05-24 15:23:00,2021-05-24 15:25:00,0.169514,0.288308,31.0,14.544569706394334,0.1674815,0.2881055,3.0,0.0,-1.0,14.544569706394213,14.544569706394334
172,2021-05-24 15:26:00,2021-05-24 15:29:00,0.1682185,0.2867905,31.0,14.51738908721475,0.1651935,0.28492700000000004,3.0,0.0,-1.0,14.517389087214724,14.51738908721475
173,2021-05-25 09:15:00,2021-05-25 13:30:00,0.16538,0.3303855,30.0,19.29603939240888,0.171309,0.2786975,2.0,0.2833999505520699,-1.0,19.012639441856663,19.29603939240888
174,2021-05-25 13:31:00,2021-05-25 13:39:00,0.1655815,0.298238,30.0,15.513089258594949,0.17152699999999999,0.277395,2.0,0.2793873269954095,-1.0,15.23370193160008,15.513089258594949
175,2021-05-25 13:40:00,2021-05-25 13:44:00,0.166364,0.2802885,30.0,13.322535550393685,0.17675249999999998,0.286249,2.0,0.28896299590388835,-1.0,13.033572554490092,13.322535550393685
176,2021-05-25 13:45:00,2021-05-25 14:13:00,0.181118,0.309449,2.0,0.33866753939479244,0.1697995,0.31546799999999997,30.0,17.03473589809499,1.0,16.696068358699904,0.33866753939479244
177,2021-05-25 14:14:00,2021-05-25 14:32:00,0.1698055,0.31483150000000004,30.0,16.959600794661334,0.1698245,0.28207,2.0,0.2962176503973178,-1.0,16.663383144263662,16.959600794661334
178,2021-05-25 14:33:00,2021-05-25 14:35:00,0.170263,0.31012649999999997,2.0,0.3691019893567693,0.1670255,0.27934400000000004,30.0,13.134727027258352,1.0,12.765625037901827,0.3691019893567693
179,2021-05-25 14:38:00,2021-05-25 14:39:00,0.1683055,0.29469599999999996,2.0,0.33354652919308286,0.16520600000000002,0.2795435,30.0,13.370832511822636,1.0,13.037285982629328,0.33354652919308286
180,2021-05-25 14:40:00,2021-05-25 14:42:00,0.164771,0.290918,30.0,14.751856642561629,0.167503,0.30083499999999996,2.0,0.0,-1.0,14.751856642561506,14.751856642561629
181,2021-05-25 14:43:00,2021-05-25 14:46:00,0.1673055,0.29303999999999997,2.0,0.3318153348141488,0.16660350000000002,0.2899465,30.0,14.423951848743759,1.0,14.09213651392929,0.3318153348141488
182,2021-05-25 14:47:00,2021-05-25 14:49:00,0.1660615,0.2908995,2.0,0.329449457130133,0.166889,0.277346,30.0,12.917039875442377,1.0,12.587590418312175,0.329449457130133
183,2021-05-25 14:51:00,2021-05-25 15:20:00,0.1676905,0.29507150000000004,2.0,0.33616047436432417,0.1666105,0.2803115,30.0,13.296399059160343,1.0,12.96023858479657,0.33616047436432417
184,2021-05-25 15:21:00,2021-05-27 11:52:00,0.16475499999999998,0.284768,30.0,14.034535670636238,0.1650385,0.284974,28.0,0.0,-1.0,14.034535670632522,14.034535670636238
185,2021-05-31 09:21:00,2021-06-04 13:43:00,0.15455,0.2765885,24.0,10.442214243191236,0.1333535,0.2371355,20.0,0.0,1.0,-10.442214243187209,10.442214243191236
186,2021-06-07 12:42:00,2021-06-11 12:11:00,0.13269999999999998,0.2264275,17.0,4.9487500955320245,0.12967099999999998,0.227717,13.0,0.0,1.0,-4.948750095534251,4.9487500955320245
187,2021-06-14 10:43:00,2021-06-18 10:59:00,0.1401025,0.233239,10.0,2.3394831062829193,0.1874755,0.29219300000000004,6.0,0.0,1.0,-2.3394831062869343,2.3394831062829193
188,2021-06-21 09:52:00,2021-06-28 09:15:00,0.19313049999999998,0.2780395,3.0,0.3952969675067379,0.126077,0.1897215,31.0,7.792328456644393,1.0,7.3970314891353155,0.3952969675067379
189,2021-06-28 09:16:00,2021-06-30 12:20:00,0.1260975,0.187712,31.0,7.5437849569391835,0.115899,0.18284499999999998,29.0,0.0,-1.0,7.543784956940726,7.5437849569391835
190,2021-07-01 15:27:00,2021-07-07 11:54:00,0.117806,0.17813099999999998,28.0,6.404991746685937,0.108985,0.173885,22.0,0.0,1.0,-6.404991746691849,6.404991746685937
191,2021-07-08 12:28:00,2021-07-09 09:18:00,0.122039,0.17307699999999998,21.0,3.62243549085444,0.128629,0.19373849999999998,20.0,0.0,1.0,-3.6224354908554233,3.62243549085444
192,2021-07-09 11:56:00,2021-07-15 12:05:00,0.12302750000000001,0.177527,20.0,3.6127217343604103,0.115817,0.1747885,14.0,0.0,1.0,-3.6127217343578195,3.6127217343604103
193,2021-07-19 09:27:00,2021-07-19 12:54:00,0.116946,0.177192,10.0,1.513311099527261,0.11829200000000001,0.19269150000000002,10.0,0.0,1.0,-1.513311099526618,1.513311099527261
194,2021-07-19 14:26:00,2021-07-20 09:34:00,0.1271965,0.184437,10.0,1.4378163528282408,0.12846200000000002,0.20073649999999998,9.0,0.0,1.0,-1.4378163528285768,1.4378163528282408
195,2021-07-22 09:20:00,2021-07-22 14:21:00,0.1126875,0.18378250000000002,7.0,1.0838678007402227,0.10463549999999999,0.187019,7.0,0.0,1.0,-1.0838678007394265,1.0838678007402227
196,2021-07-23 09:16:00,2021-07-23 09:31:00,0.1026125,0.173821,6.0,0.8748701280311074,0.1020855,0.19673200000000002,6.0,0.0,1.0,-0.8748701280310343,0.8748701280311074
197,2021-07-23 09:48:00,2021-07-26 09:18:00,0.1056365,0.1791685,6.0,0.9034167305080628,0.114171,0.18149500000000002,31.0,8.242828854262777,1.0,7.339412123752936,0.9034167305080628
198,2021-07-26 09:19:00,2021-07-26 09:23:00,0.1335275,0.1817625,3.0,0.22455981377342213,0.113671,0.180196,31.0,8.145003112260577,1.0,7.920443298487044,0.22455981377342213
199,2021-07-26 09:24:00,2021-07-26 15:30:00,0.1135955,0.19425900000000001,31.0,9.876053491857665,0.12182,0.1992565,3.0,0.3605084693534903,-1.0,9.515545022508832,9.876053491857665
200,2021-07-27 09:15:00,2021-07-27 12:20:00,0.114041,0.216128,30.0,11.938237049388322,0.1318155,0.1804305,2.0,0.12829575416444847,-1.0,11.809941295221506,11.938237049388322
201,2021-07-27 12:21:00,2021-07-27 12:31:00,0.1331435,0.193989,2.0,0.16057223716986424,0.1195235,0.183061,30.0,7.430189314266368,1.0,7.269617077095518,0.16057223716986424
202,2021-07-27 12:32:00,2021-07-27 13:08:00,0.12873600000000002,0.183233,30.0,6.372977014512283,0.147001,0.1913215,2.0,0.11696250071882015,-1.0,6.256014513794071,6.372977014512283
203,2021-07-27 13:09:00,2021-07-27 13:10:00,0.12506699999999998,0.191631,30.0,7.784113657522355,0.14784150000000001,0.1909455,2.0,0.1137521379719096,-1.0,7.6703615195506245,7.784113657522355
204,2021-07-27 13:11:00,2021-07-27 13:14:00,0.1348995,0.19045800000000002,2.0,0.1466197605213517,0.1240765,0.19247999999999998,30.0,7.999228089843311,1.0,7.852608329321811,0.1466197605213517
205,2021-07-27 13:15:00,2021-07-27 13:17:00,0.14718,0.193437,2.0,0.12207295485724351,0.12373300000000001,0.2026085,30.0,9.223842569465543,1.0,9.101769614608202,0.12207295485724351
206,2021-07-27 13:18:00,2021-07-27 14:17:00,0.1236535,0.20208399999999999,30.0,9.17180347058931,0.1323345,0.21275650000000002,2.0,0.0,-1.0,9.171803470588202,9.17180347058931
207,2021-07-27 14:19:00,2021-07-27 14:21:00,0.12394949999999999,0.2106825,30.0,10.142712725465511,0.13146950000000002,0.210465,2.0,0.0,-1.0,10.142712725465117,10.142712725465511
208,2021-07-27 14:26:00,2021-07-27 14:27:00,0.1241155,0.211143,30.0,10.177152084160005,0.14062200000000002,0.2117815,2.0,0.0,-1.0,10.177152084159843,10.177152084160005
209,2021-07-27 14:33:00,2021-07-27 14:34:00,0.1240755,0.2101065,30.0,10.060619585215816,0.13156400000000001,0.2099875,2.0,0.0,-1.0,10.06061958521559,10.060619585215816
210,2021-07-27 14:41:00,2021-07-27 15:30:00,0.124368,0.209752,30.0,9.984958243703632,0.13148500000000002,0.2036715,2.0,0.0,-1.0,9.98495824370275,9.984958243703632
211,2021-07-28 09:15:00,2021-07-28 13:08:00,0.126665,0.194367,29.0,7.550204164706438,0.133915,0.211469,29.0,0.0,-1.0,7.5502041647037,7.550204164706438
212,2021-08-02 11:13:00,2021-08-04 10:32:00,0.114527,0.1731205,24.0,5.013548021799888,0.11489650000000001,0.1800075,22.0,0.0,1.0,-5.013548021796851,5.013548021799888
213,2021-08-12 09:15:00,2021-08-18 14:36:00,0.109871,0.1763405,14.0,2.674247890311371,0.1069505,0.17234850000000002,8.0,0.0,1.0,-2.674247890321112,2.674247890311371
214,2021-08-20 10:09:00,2021-08-30 09:15:00,0.1290895,0.17464000000000002,6.0,0.559635040295484,0.110939,0.158281,31.0,5.796328257657126,1.0,5.236693217363154,0.559635040295484
215,2021-08-30 09:16:00,2021-09-02 12:20:00,0.1113005,0.160561,31.0,6.031220230161778,0.1142365,0.173868,28.0,0.0,-1.0,6.031220230162944,6.031220230161778
216,2021-09-13 09:15:00,2021-09-15 14:20:00,0.12589050000000002,0.1839125,17.0,3.0635232780449604,0.11368349999999999,0.172342,15.0,0.0,1.0,-3.0635232780418846,3.0635232780449604
217,2021-09-16 15:30:00,2021-09-17 09:21:00,0.1190075,0.2011905,14.0,3.3064445252252437,0.1192945,0.1913855,13.0,0.0,-1.0,3.306444525225743,3.3064445252252437
218,2021-09-17 15:09:00,2021-09-21 10:14:00,0.12473799999999999,0.179339,13.0,1.98025578175074,0.164526,0.2434395,9.0,0.0,1.0,-1.9802557817515662,1.98025578175074
219,2021-09-21 11:17:00,2021-09-21 11:52:00,0.1591395,0.2545605,9.0,2.0681568692475207,0.15609,0.2407495,9.0,0.0,-1.0,2.068156869248469,2.0681568692475207
220,2021-09-23 14:49:00,2021-09-28 09:16:00,0.1425265,0.2002965,7.0,0.880723578996591,0.163777,0.2425485,30.0,9.211680622761884,1.0,8.330957043763647,0.880723578996591
221,2021-09-28 09:17:00,2021-09-28 10:55:00,0.164126,0.2426825,30.0,9.186538136787975,0.16912349999999998,0.24457,2.0,0.19910450718025438,-1.0,8.987433629606585,9.186538136787975
222,2021-09-28 10:56:00,2021-09-28 10:57:00,0.1675535,0.2259375,30.0,6.827529772561523,0.1697015,0.2281975,2.0,0.1543718694971424,-1.0,6.673157903064293,6.827529772561523
223,2021-09-28 10:58:00,2021-09-28 11:00:00,0.169266,0.2285625,2.0,0.15648440166228983,0.167543,0.22780499999999998,30.0,7.047146463998737,1.0,6.89066206233656,0.15648440166228983
224,2021-09-28 11:01:00,2021-09-28 11:03:00,0.167296,0.2296045,30.0,7.286467847931786,0.170018,0.228207,2.0,0.15356169163992783,-1.0,7.132906156291938,7.286467847931786
225,2021-09-28 11:04:00,2021-09-28 11:15:00,0.174929,0.23756300000000002,2.0,0.16529211696669896,0.1694225,0.23402099999999998,30.0,7.5542645590027275,1.0,7.388972442035993,0.16529211696669896
226,2021-09-28 11:16:00,2021-09-28 11:18:00,0.16954000000000002,0.234703,30.0,7.620278202408643,0.1720445,0.2338345,2.0,0.16306478761331428,-1.0,7.457213414795206,7.620278202408643
227,2021-09-28 11:19:00,2021-09-28 11:29:00,0.1706455,0.22602850000000002,2.0,0.14615661324467044,0.1667015,0.2315925,30.0,7.58847003410677,1.0,7.44231342086141,0.14615661324467044
228,2021-09-28 11:30:00,2021-09-28 11:35:00,0.1664545,0.23623450000000001,30.0,8.160198470973947,0.1673325,0.2274435,2.0,0.15863388004893889,-1.0,8.001564590924772,8.160198470973947
229,2021-09-28 11:36:00,2021-09-28 11:52:00,0.167599,0.225773,2.0,0.1535221064026047,0.16960350000000002,0.22581400000000001,30.0,6.573356780634581,1.0,6.419834674232334,0.1535221064026047
230,2021-09-28 11:53:00,2021-09-28 12:19:00,0.169587,0.2259855,30.0,6.595341838137351,0.17815750000000002,0.2258755,2.0,0.12592855697252187,-1.0,6.469413281164634,6.595341838137351
231,2021-09-28 12:20:00,2021-09-28 12:24:00,0.1778505,0.2436175,2.0,0.17356015353560184,0.1699725,0.226445,30.0,6.603995530984184,1.0,6.430435377448248,0.17356015353560184
232,2021-09-28 12:25:00,2021-09-28 12:51:00,0.19733699999999998,0.2269605,2.0,0.07817688518956173,0.172018,0.2304165,30.0,6.829225428592318,1.0,6.751048543402703,0.07817688518956173
233,2021-09-28 12:52:00,2021-09-28 14:14:00,0.1716065,0.241224,30.0,8.14119542924948,0.177094,0.234708,2.0,0.15204425754253903,-1.0,7.989151171705544,8.14119542924948
234,2021-09-28 14:15:00,2021-09-28 14:32:00,0.177728,0.23410799999999998,2.0,0.1487877120187515,0.17167300000000002,0.23297299999999999,30.0,7.168532047444865,1.0,7.019744335426367,0.1487877120187515
235,2021-09-28 14:33:00,2021-09-28 14:34:00,0.178613,0.25588299999999997,2.0,0.203916752530843,0.1726565,0.256586,30.0,9.814866402545254,1.0,9.61094965001439,0.203916752530843
236,2021-09-28 14:35:00,2021-09-28 14:36:00,0.1786755,0.246801,2.0,0.17978427235071762,0.17329,0.2343985,30.0,7.146137693658807,1.0,6.966353421308213,0.17978427235071762
237,2021-09-28 14:37:00,2021-09-28 14:54:00,0.172665,0.233173,30.0,7.075914145624698,0.173269,0.227875,2.0,0.14410609795132928,-1.0,6.9318080476732575,7.075914145624698
238,2021-09-28 14:55:00,2021-09-28 14:56:00,0.17299799999999999,0.231407,2.0,0.154142275120668,0.169977,0.230456,30.0,7.072522833563103,1.0,6.91838055844255,0.154142275120668
239,2021-09-28 14:57:00,2021-09-28 14:59:00,0.16839500000000002,0.231232,2.0,0.16582783717847263,0.168621,0.229891,30.0,7.1650237935880465,1.0,6.999195956409494,0.16582783717847263
240,2021-09-28 15:00:00,2021-09-30 14:00:00,0.1690955,0.2298195,30.0,7.1011735733938375,0.1671765,0.227068,28.0,0.0,-1.0,7.1011735733932255,7.1011735733938375
241,2021-10-05 14:50:00,2021-10-08 12:29:00,0.14501599999999998,0.19078050000000002,23.0,3.6893316047316786,0.1359505,0.18386950000000002,20.0,0.0,1.0,-3.6893316047317057,3.6893316047316786
242,2021-10-11 09:16:00,2021-10-13 09:15:00,0.14610800000000002,0.1865005,17.0,2.132697321850868,0.1353375,0.1926785,15.0,0.0,1.0,-2.1326973218551757,2.132697321850868
243,2021-10-13 14:37:00,2021-10-14 14:07:00,0.145692,0.184991,15.0,1.7414429929234212,0.1359445,0.185392,14.0,0.0,1.0,-1.7414429929244761,1.7414429929234212
244,2021-10-18 09:25:00,2021-10-19 09:59:00,0.15485,0.20557199999999998,10.0,1.2740790357902885,0.1376845,0.20120549999999998,9.0,0.0,1.0,-1.274079035788418,1.2740790357902885
245,2021-10-19 15:21:00,2021-10-25 09:16:00,0.1490125,0.198537,9.0,1.0733951108356525,0.167924,0.21791850000000001,31.0,6.121087682764549,1.0,5.0476925719272,1.0733951108356525
246,2021-10-25 09:17:00,2021-10-25 09:18:00,0.169656,0.2262285,31.0,6.926466569986643,0.2111005,0.2049805,3.0,-0.02849188473708594,-1.0,6.95495845472351,6.926466569986643
247,2021-10-25 09:19:00,2021-10-25 09:24:00,0.171287,0.2070265,31.0,4.375773599859255,0.20392500000000002,0.2171535,3.0,0.0,-1.0,4.375773599859258,4.375773599859255
248,2021-10-25 09:26:00,2021-10-25 09:31:00,0.20732050000000002,0.2164625,3.0,0.04256091671020258,0.1909205,0.226449,31.0,0.0,1.0,-0.042560916710044694,0.04256091671020258
249,2021-10-25 09:32:00,2021-10-25 09:45:00,0.208676,0.2114765,3.0,0.013037830589249946,0.169824,0.19808,31.0,0.0,1.0,-0.01303783058983754,0.013037830589249946
250,2021-10-25 09:46:00,2021-10-25 09:50:00,0.16991699999999998,0.2112085,31.0,5.055533949791923,0.173187,0.2259735,3.0,0.0,-1.0,5.055533949791879,5.055533949791923
251,2021-10-25 09:51:00,2021-10-25 09:55:00,0.1727505,0.22518549999999998,31.0,6.4198908409076765,0.1728005,0.19393349999999998,31.0,0.0,-1.0,6.419890840907556,6.4198908409076765
252,2021-10-25 09:58:00,2021-10-25 09:59:00,0.1727905,0.2111765,31.0,4.699798413637494,0.2180455,0.2105145,3.0,-0.035060847051469765,-1.0,4.734859260689063,4.699798413637494
253,2021-10-25 10:00:00,2021-10-25 10:02:00,0.21595599999999998,0.2093445,3.0,-0.030780081035824164,0.171989,0.20970149999999999,31.0,4.617338291937269,1.0,4.648118372972931,0.030780081035824164
254,2021-10-25 10:03:00,2021-10-25 10:05:00,0.214795,0.2120035,3.0,-0.01299593075875419,0.171956,0.21130100000000002,31.0,4.817213791084442,1.0,4.830209721842948,0.01299593075875419
255,2021-10-25 10:06:00,2021-10-25 10:40:00,0.1720195,0.2109835,31.0,4.7705659716816395,0.198774,0.231087,3.0,0.0,-1.0,4.770565971681208,4.7705659716816395
256,2021-10-25 10:41:00,2021-10-25 10:43:00,0.1696965,0.231902,31.0,7.616144172863214,0.1986995,0.2299115,3.0,0.0,-1.0,7.616144172863187,7.616144172863214
257,2021-10-25 10:44:00,2021-10-25 10:49:00,0.19735,0.203413,3.0,0.028226519143946537,0.168459,0.204916,31.0,4.463620871306784,1.0,4.4353943521628025,0.028226519143946537
258,2021-10-25 10:52:00,2021-10-25 10:53:00,0.197845,0.2036755,3.0,0.02714410685614059,0.167929,0.20297949999999998,31.0,0.0,1.0,-0.027144106856212602,0.02714410685614059
259,2021-10-25 11:00:00,2021-10-25 11:01:00,0.1688945,0.204918,31.0,4.410545202773675,0.199766,0.20450400000000002,3.0,0.022057932987633016,-1.0,4.3884872697858555,4.410545202773675
260,2021-10-25 11:04:00,2021-10-25 11:05:00,0.169196,0.23137799999999997,31.0,7.613266945157261,0.2001015,0.23083,3.0,0.0,-1.0,7.613266945157193,7.613266945157261
261,2021-10-25 11:06:00,2021-10-25 11:09:00,0.200505,0.2007135,3.0,0.0009706794064840591,0.1692625,0.2002945,31.0,0.0,1.0,-0.0009706794066914881,0.0009706794064840591
262,2021-10-25 11:11:00,2021-10-25 12:01:00,0.168137,0.20425900000000002,31.0,4.422605072094351,0.1859765,0.21551,3.0,0.0,-1.0,4.422605072094939,4.422605072094351
263,2021-10-25 12:05:00,2021-10-25 12:08:00,0.1647865,0.3473015,31.0,22.346264457485745,0.187,0.26908350000000003,3.0,0.0,-1.0,22.346264457486086,22.346264457485745
264,2021-10-25 12:12:00,2021-10-25 12:17:00,0.1675855,0.2658135,31.0,12.02656694041536,0.187595,0.2652595,3.0,0.0,-1.0,12.026566940414796,12.02656694041536
265,2021-10-25 12:20:00,2021-10-25 13:05:00,0.1687195,0.20869300000000002,31.0,4.894164327815834,0.186001,0.252461,3.0,0.0,-1.0,4.89416432781627,4.894164327815834
266,2021-10-25 13:08:00,2021-10-25 13:09:00,0.1678265,0.2516215,31.0,10.259459388077792,0.186558,0.2517055,3.0,0.0,-1.0,10.25945938807763,10.259459388077792
267,2021-10-25 13:10:00,2021-10-25 13:12:00,0.1673805,0.251102,31.0,10.25046039929536,0.1860195,0.248143,3.0,0.0,-1.0,10.250460399295662,10.25046039929536
268,2021-10-25 13:13:00,2021-10-25 13:36:00,0.1670705,0.249752,31.0,10.123127768904514,0.1805285,0.238147,3.0,0.0,-1.0,10.123127768904396,10.123127768904514
269,2021-10-25 13:45:00,2021-10-25 14:15:00,0.16534949999999998,0.2431415,31.0,9.52448075323525,0.195201,0.236213,3.0,0.0,-1.0,9.524480753234457,9.52448075323525
270,2021-10-25 14:23:00,2021-10-25 14:30:00,0.16806149999999997,0.2068355,31.0,4.747303279591009,0.1929365,0.237136,3.0,0.0,-1.0,4.747303279591051,4.747303279591009
271,2021-10-25 14:32:00,2021-10-26 09:17:00,0.16641099999999998,0.237885,31.0,8.750935023610865,0.1989095,0.240197,2.0,0.0,-1.0,8.750935023610964,8.750935023610865
272,2021-10-26 09:20:00,2021-10-26 10:21:00,0.162076,0.211138,30.0,5.737398357450899,0.191771,0.239985,2.0,0.0,-1.0,5.737398357452548,5.737398357450899
273,2021-10-26 10:23:00,2021-10-26 10:25:00,0.161068,0.211403,30.0,5.886265262775492,0.192493,0.21217,2.0,0.0,-1.0,5.886265262775396,5.886265262775492
274,2021-10-26 10:26:00,2021-10-26 10:40:00,0.1623335,0.2117595,30.0,5.779965170913704,0.17607499999999998,0.212026,2.0,0.0,-1.0,5.779965170912874,5.779965170913704
275,2021-10-26 10:41:00,2021-10-26 10:42:00,0.161663,0.2129285,30.0,5.995079603234664,0.17681550000000001,0.241305,2.0,0.0,-1.0,5.995079603234444,5.995079603234664
276,2021-10-26 10:45:00,2021-10-26 12:03:00,0.16290300000000002,0.27015100000000003,30.0,12.54177365455738,0.1942535,0.228744,2.0,0.0,-1.0,12.541773654556437,12.54177365455738
277,2021-10-26 12:08:00,2021-10-26 12:22:00,0.1769515,0.229618,30.0,6.158915058348369,0.1932105,0.213949,2.0,0.0,-1.0,6.158915058348612,6.158915058348369
278,2021-10-26 12:28:00,2021-10-26 12:29:00,0.17647449999999998,0.214627,30.0,4.461621842416649,0.1916735,0.2140945,2.0,0.0,-1.0,4.461621842416662,4.461621842416649
279,2021-10-26 12:37:00,2021-10-26 13:01:00,0.1615765,0.2124995,30.0,5.95502703836925,0.18989,0.2142905,2.0,0.0,-1.0,5.955027038368826,5.95502703836925
280,2021-10-26 13:02:00,2021-10-26 13:17:00,0.162581,0.230713,30.0,7.96747839243905,0.1887205,0.2445155,2.0,0.0,-1.0,7.967478392438807,7.96747839243905
281,2021-10-26 13:22:00,2021-10-26 13:27:00,0.1620635,0.2456585,30.0,9.775749372041663,0.1886745,0.2123195,2.0,0.0,-1.0,9.775749372041446,9.775749372041663
282,2021-10-26 13:36:00,2021-10-26 15:09:00,0.159764,0.2132985,30.0,6.260420536605831,0.15897,0.20744,2.0,0.0,-1.0,6.260420536606489,6.260420536605831
283,2021-10-26 15:19:00,2021-10-27 15:04:00,0.155603,0.2064605,30.0,5.9473673507818505,0.157447,0.20777,29.0,0.0,-1.0,5.94736735078277,5.9473673507818505
284,2022-01-05 12:37:00,2022-01-05 15:24:00,0.150028,0.21926299999999999,22.0,5.24466133592326,0.149946,0.2138585,22.0,0.0,-1.0,5.24466133592432,5.24466133592326
285,2022-01-06 10:29:00,2022-01-06 15:01:00,0.16698200000000002,0.2211935,21.0,3.847675489095486,0.160257,0.22110849999999999,21.0,0.0,1.0,-3.8476754890962184,3.847675489095486
286,2022-01-12 09:15:00,2022-01-12 09:33:00,0.147542,0.238998,15.0,4.052658092083879,0.1485435,0.22782449999999999,15.0,0.0,-1.0,4.05265809208413,4.052658092083879
287,2022-01-14 09:15:00,2022-01-24 09:15:00,0.143117,0.2192635,13.0,2.7616627330100676,0.19865149999999998,0.305914,31.0,13.132707949325072,1.0,10.37104521631045,2.7616627330100676
288,2022-01-24 09:16:00,2022-01-24 09:19:00,0.200982,0.279928,31.0,9.665770998880475,0.2099945,0.270092,3.0,0.0,-1.0,9.665770998880362,9.665770998880475
289,2022-01-24 09:21:00,2022-01-24 09:29:00,0.1983255,0.27253249999999996,31.0,9.085550484051415,0.217072,0.275829,3.0,0.0,-1.0,9.08555048405151,9.085550484051415
290,2022-01-24 09:30:00,2022-01-24 09:45:00,0.2027835,0.27415900000000004,31.0,8.738875154290193,0.2076135,0.2785855,3.0,0.0,-1.0,8.738875154290326,8.738875154290193
291,2022-01-24 09:46:00,2022-01-24 09:51:00,0.209201,0.25905849999999997,3.0,0.23211342210445501,0.20084950000000001,0.268286,31.0,8.256602816684863,1.0,8.024489394580542,0.23211342210445501
292,2022-01-24 09:52:00,2022-01-24 09:53:00,0.2001735,0.2788865,31.0,9.63724359226406,0.206158,0.2697405,3.0,0.0,-1.0,9.637243592263985,9.63724359226406
293,2022-01-24 09:55:00,2022-01-24 11:12:00,0.2033545,0.270472,31.0,8.2175459810169,0.21609499999999998,0.2775455,3.0,0.0,-1.0,8.217545981017793,8.2175459810169
294,2022-01-24 11:14:00,2022-01-24 11:18:00,0.203754,0.276269,31.0,8.878390089223235,0.2154655,0.277026,3.0,0.0,-1.0,8.878390089223103,8.878390089223235
295,2022-01-24 11:19:00,2022-01-24 11:28:00,0.2163975,0.27129800000000004,3.0,0.25559129379222084,0.2030555,0.283372,31.0,9.833568469986874,1.0,9.577977176194054,0.25559129379222084
296,2022-01-24 11:29:00,2022-01-24 11:32:00,0.20281700000000003,0.2833795,31.0,9.863687534483166,0.20976850000000002,0.28338949999999996,3.0,0.0,-1.0,9.863687534483233,9.863687534483166
297,2022-01-24 11:34:00,2022-01-24 11:37:00,0.20322800000000002,0.27078749999999996,31.0,8.271662348933,0.215458,0.27917800000000004,3.0,0.0,-1.0,8.271662348933205,8.271662348933
298,2022-01-24 11:41:00,2022-01-24 11:45:00,0.2172695,0.2702125,3.0,0.24647808065940274,0.2051535,0.2784025,31.0,8.968257541826006,1.0,8.721779461166534,0.24647808065940274
299,2022-01-24 11:46:00,2022-01-24 12:18:00,0.2066175,0.2863905,31.0,9.7670249270855,0.250842,0.3060655,3.0,0.2570950321533445,-1.0,9.509929894932156,9.7670249270855
300,2022-01-24 12:19:00,2022-01-24 12:22:00,0.250268,0.311191,3.0,0.2836292636989364,0.21602749999999998,0.3168875,31.0,12.348816443481425,1.0,12.065187179782697,0.2836292636989364
301,2022-01-24 12:23:00,2022-01-24 12:28:00,0.21916000000000002,0.3345345,31.0,14.125902466373661,0.25927500000000003,0.322137,3.0,0.0,-1.0,14.125902466373645,14.125902466373661
302,2022-01-24 12:29:00,2022-01-24 12:35:00,0.2134605,0.30086999999999997,31.0,10.70200149629674,0.236532,0.3068785,3.0,0.0,-1.0,10.702001496296361,10.70200149629674
303,2022-01-24 12:36:00,2022-01-24 13:02:00,0.2127085,0.3193055,31.0,13.051227309397081,0.2323925,0.2953555,3.0,0.0,-1.0,13.051227309396381,13.051227309397081
304,2022-01-24 13:03:00,2022-01-24 13:08:00,0.251042,0.296357,3.0,0.21096564654592356,0.211495,0.311727,31.0,12.271927124360795,1.0,12.060961477814999,0.21096564654592356
305,2022-01-24 13:09:00,2022-01-24 13:30:00,0.212033,0.318463,31.0,13.030780627401624,0.236062,0.312543,3.0,0.0,-1.0,13.030780627401327,13.030780627401624
306,2022-01-24 13:31:00,2022-01-24 13:47:00,0.25856100000000004,0.312071,3.0,0.24911776998063243,0.2124355,0.31092200000000003,31.0,12.058216445180783,1.0,11.809098675199948,0.24911776998063243
307,2022-01-24 13:51:00,2022-01-24 13:56:00,0.25974050000000004,0.31505799999999995,3.0,0.2575326526051883,0.21705449999999998,0.3071165,31.0,11.026760921404168,1.0,10.769228268798997,0.2575326526051883
308,2022-01-24 13:57:00,2022-01-24 14:04:00,0.21792050000000002,0.3280805,31.0,13.487464003707254,0.2554515,0.3545115,3.0,0.0,-1.0,13.487464003707828,13.487464003707254
309,2022-01-24 14:05:00,2022-01-24 14:07:00,0.220978,0.334084,31.0,13.848158166333628,0.255726,0.3638585,3.0,0.0,-1.0,13.848158166333633,13.848158166333628
310,2022-01-24 14:08:00,2022-01-24 14:09:00,0.294605,0.3436965,3.0,0.2285472809755977,0.2220065,0.37831099999999995,31.0,19.137176083582606,1.0,18.908628802606927,0.2285472809755977
311,2022-01-24 14:10:00,2022-01-24 14:17:00,0.2238115,0.38497800000000004,31.0,19.73245613065982,0.2632555,0.380416,3.0,0.0,-1.0,19.732456130659557,19.73245613065982
312,2022-01-24 14:18:00,2022-01-24 14:29:00,0.221503,0.36940799999999996,31.0,18.108781440344234,0.257687,0.305033,3.0,0.22042104162778986,-1.0,17.88836039871603,18.108781440344234
313,2022-01-24 14:30:00,2022-01-24 14:31:00,0.2909565,0.334846,3.0,0.2043291789490744,0.223663,0.304238,31.0,9.865217974752289,1.0,9.660888795803203,0.2043291789490744
314,2022-01-24 14:32:00,2022-01-24 14:40:00,0.2240275,0.328328,31.0,12.770054823154219,0.2922245,0.310714,3.0,0.08607854621672409,-1.0,12.683976276937756,12.770054823154219
315,2022-01-24 14:41:00,2022-01-24 14:44:00,0.226931,0.33637649999999997,31.0,13.399984037924309,0.29306299999999996,0.358846,3.0,0.0,-1.0,13.399984037924696,13.399984037924309
316,2022-01-24 14:45:00,2022-01-24 14:57:00,0.22822599999999998,0.35959949999999996,31.0,16.084743575626675,0.2802345,0.3237535,3.0,0.20260430259366777,-1.0,15.882139273033317,16.084743575626675
317,2022-01-24 14:58:00,2022-01-24 14:59:00,0.250274,0.307955,3.0,0.2685360136470355,0.22363,0.308901,31.0,10.440173775055566,1.0,10.17163776140842,0.2685360136470355
318,2022-01-24 15:00:00,2022-01-24 15:13:00,0.2229645,0.30277,31.0,9.771004071785212,0.2415195,0.28992300000000004,3.0,0.22534427171103655,-1.0,9.54565980007419,9.771004071785212
319,2022-01-24 15:14:00,2022-01-24 15:16:00,0.240342,0.28894549999999997,3.0,0.2262753790553854,0.220608,0.2922395,31.0,8.770218571001779,1.0,8.543943191946255,0.2262753790553854
320,2022-01-24 15:17:00,2022-01-24 15:29:00,0.2209635,0.2904295,31.0,8.505085098779304,0.2350505,0.295369,3.0,0.0,-1.0,8.505085098779546,8.505085098779304
321,2022-01-24 15:30:00,2022-01-25 09:15:00,0.247412,0.298469,3.0,0.23769773840218952,0.23297800000000002,0.2936965,30.0,7.100530393520088,1.0,6.862832655117927,0.23769773840218952
322,2022-01-25 09:16:00,2022-01-27 13:45:00,0.23571,0.3003295,30.0,7.556720336702511,0.21095799999999998,0.28022749999999996,28.0,0.0,-1.0,7.556720336701801,7.556720336702511
323,2022-02-01 12:41:00,2022-02-04 10:26:00,0.191345,0.246063,23.0,4.41112317948864,0.17539549999999998,0.218295,20.0,0.0,1.0,-4.41112317949046,4.41112317948864
324,2022-02-08 11:00:00,2022-02-08 11:22:00,0.197447,0.2560635,16.0,2.8430720038674147,0.1925335,0.244343,16.0,0.0,-1.0,2.843072003868201,2.8430720038674147
325,2022-02-09 09:30:00,2022-02-09 11:54:00,0.17287249999999998,0.2169865,15.0,1.9548084223472308,0.170852,0.220231,15.0,0.0,1.0,-1.9548084223497426,1.9548084223472308
326,2022-02-10 09:15:00,2022-02-10 09:21:00,0.163273,0.20970899999999998,14.0,1.8682459629529147,0.16589900000000002,0.2181395,14.0,0.0,1.0,-1.8682459629535515,1.8682459629529147
327,2022-02-10 09:44:00,2022-02-10 10:46:00,0.16943399999999997,0.21595199999999998,14.0,1.871545044892836,0.1599525,0.2113815,14.0,0.0,1.0,-1.8715450448944466,1.871545044892836
328,2022-02-10 10:54:00,2022-02-10 12:29:00,0.160478,0.2066705,14.0,1.8584492988996155,0.15897250000000002,0.21001599999999998,14.0,0.0,1.0,-1.8584492988993588,1.8584492988996155
329,2022-02-10 15:25:00,2022-02-14 09:18:00,0.1530355,0.1974245,14.0,1.7858896125746617,0.250481,0.313145,10.0,0.0,1.0,-1.7858896125785577,1.7858896125746617
330,2022-02-14 09:23:00,2022-02-14 14:29:00,0.248606,0.29847,10.0,1.252527050207937,0.2365465,0.29423350000000004,10.0,0.0,1.0,-1.2525270502114836,1.252527050207937
331,2022-02-18 11:53:00,2022-02-18 13:24:00,0.218252,0.2682795,6.0,0.6146396192880936,0.209952,0.269129,6.0,0.0,1.0,-0.6146396192866632,0.6146396192880936
332,2022-02-18 13:36:00,2022-02-18 14:43:00,0.219165,0.268076,6.0,0.6009222611363738,0.2218655,0.2807735,6.0,0.0,1.0,-0.6009222611351106,0.6009222611363738
333,2022-02-21 09:15:00,2022-03-02 09:15:00,0.278785,0.351202,3.0,0.3371400027786859,0.272866,0.34132,29.0,7.634068061369154,1.0,7.296928058588946,0.3371400027786859
334,2022-03-02 09:16:00,2022-03-04 12:21:00,0.2745195,0.3460835,29.0,7.980898804216286,0.26945949999999996,0.33791,27.0,0.0,-1.0,7.980898804213666,7.980898804216286
335,2022-03-07 10:16:00,2022-03-09 10:37:00,0.2824295,0.3938255,24.0,9.531589603563882,0.26726300000000003,0.3705075,22.0,0.0,-1.0,9.53158960356268,9.531589603563882
336,2022-03-17 09:15:00,2022-03-22 12:42:00,0.220113,0.23569600000000002,14.0,0.6269462667046107,0.256277,0.3309445,9.0,0.0,1.0,-0.6269462667096377,0.6269462667046107
337,2022-03-24 09:15:00,2022-03-24 09:25:00,0.255775,0.309876,7.0,0.8247884082966002,0.2424945,0.3258715,7.0,0.0,1.0,-0.8247884082961718,0.8247884082966002
338,2022-03-28 09:15:00,2022-03-28 09:17:00,0.24512250000000002,0.345655,3.0,0.4680327454789376,0.23366900000000002,0.312711,31.0,9.677524780147321,1.0,9.209492034668529,0.4680327454789376
339,2022-03-28 09:18:00,2022-03-28 09:19:00,0.2326765,0.350969,31.0,14.483168442797204,0.238063,0.3486185,3.0,0.5146951900409987,-1.0,13.968473252756212,14.483168442797204
340,2022-03-28 09:20:00,2022-03-28 09:22:00,0.238025,0.31267350000000005,3.0,0.3475288329732625,0.232579,0.38010449999999996,31.0,18.06231727377373,1.0,17.714788440800476,0.3475288329732625
341,2022-03-28 09:23:00,2022-03-28 09:30:00,0.2328145,0.3128745,31.0,9.802163835664512,0.25261500000000003,0.344594,3.0,0.4282116121294825,-1.0,9.37395222353507,9.802163835664512
342,2022-03-28 09:31:00,2022-03-28 09:32:00,0.23151850000000002,0.3743055,31.0,17.482157976555445,0.25313850000000004,0.3452915,3.0,0.42902167551906606,-1.0,17.053136301036375,17.482157976555445
343,2022-03-28 09:33:00,2022-03-28 09:34:00,0.23168149999999998,0.3452545,31.0,13.905335414787986,0.2519175,0.3458685,3.0,0.43739233054476595,-1.0,13.467943084243416,13.905335414787986
344,2022-03-28 09:35:00,2022-03-28 09:36:00,0.25051599999999996,0.344272,3.0,0.4364845008840257,0.2312055,0.374231,31.0,17.511358776890265,1.0,17.074874276006085,0.4364845008840257
345,2022-03-28 09:37:00,2022-03-28 09:39:00,0.23115999999999998,0.34377199999999997,31.0,13.787675166897978,0.2405675,0.3739625,3.0,0.0,-1.0,13.78767516689777,13.787675166897978
346,2022-03-28 09:40:00,2022-03-28 09:42:00,0.2311955,0.37441349999999995,31.0,17.534927557034724,0.2405025,0.343326,3.0,0.47869858010845806,-1.0,17.056228976925922,17.534927557034724
347,2022-03-28 09:43:00,2022-03-28 09:45:00,0.248436,0.3457555,3.0,0.4530745059919676,0.230896,0.3445665,31.0,13.917272848887123,1.0,13.464198342895088,0.4530745059919676
348,2022-03-28 09:46:00,2022-03-28 09:47:00,0.23087249999999998,0.34415,31.0,13.869155806825972,0.2386975,0.34216250000000004,3.0,0.4816851069154582,-1.0,13.38747069991041,13.869155806825972
349,2022-03-28 09:48:00,2022-03-28 10:11:00,0.2387195,0.3749255,3.0,0.6341120347221466,0.229473,0.313465,31.0,10.28357912671913,1.0,9.649467091996485,0.6341120347221466
350,2022-03-28 10:12:00,2022-03-28 11:24:00,0.22971750000000002,0.3140685,31.0,10.327533371248276,0.23750949999999998,0.31084999999999996,3.0,0.3414393909412182,-1.0,9.98609398030976,10.327533371248276
351,2022-03-28 11:25:00,2022-03-28 11:27:00,0.2365485,0.33908550000000004,3.0,0.4773647688376779,0.228486,0.311485,31.0,10.162000951740184,1.0,9.684636182902523,0.4773647688376779
352,2022-03-28 11:28:00,2022-03-28 11:33:00,0.2291825,0.31088150000000003,31.0,10.002835163751627,0.23668,0.3383745,3.0,0.47344247914960674,-1.0,9.529392684602044,10.002835163751627
353,2022-03-28 11:34:00,2022-03-28 11:36:00,0.236956,0.3384745,3.0,0.47262310468657937,0.228874,0.3395465,31.0,13.550212054741202,1.0,13.077588950054633,0.47262310468657937
354,2022-03-28 11:37:00,2022-03-28 12:14:00,0.22859200000000002,0.3388535,31.0,13.499891178692511,0.2378885,0.3329225,3.0,0.44243427681441694,-1.0,13.05745690187905,13.499891178692511
355,2022-03-28 12:15:00,2022-03-28 12:35:00,0.22617900000000002,0.36218399999999995,31.0,16.651802304141288,0.2351255,0.30707249999999997,3.0,0.33495190051946505,-1.0,16.31685040362072,16.651802304141288
356,2022-03-28 12:36:00,2022-03-28 12:47:00,0.2342935,0.3596215,3.0,0.5834691062629925,0.2218225,0.2994595,31.0,9.505503293898148,1.0,8.92203418763529,0.5834691062629925
357,2022-03-28 12:48:00,2022-03-28 12:49:00,0.2294025,0.2982435,3.0,0.3204918034617218,0.22209600000000002,0.3268785,31.0,12.829068599931512,1.0,12.508576796469697,0.3204918034617218
358,2022-03-28 12:50:00,2022-03-28 13:31:00,0.22188449999999998,0.356047,31.0,16.426215408472903,0.228465,0.3269535,3.0,0.45851682841968877,-1.0,15.96769858005473,16.426215408472903
359,2022-03-28 13:32:00,2022-03-28 13:49:00,0.2285995,0.325037,3.0,0.44896832260338754,0.222638,0.349726,31.0,15.560047433761321,1.0,15.111079111157323,0.44896832260338754
360,2022-03-28 13:50:00,2022-03-28 13:51:00,0.22313899999999998,0.32482049999999996,31.0,12.449396977968037,0.22746,0.32516100000000003,3.0,0.45485059325131383,-1.0,11.994546384716614,12.449396977968037
361,2022-03-28 13:52:00,2022-03-28 13:54:00,0.2295915,0.32546149999999996,3.0,0.4463263055137964,0.222198,0.325162,31.0,12.606420149579828,1.0,12.160093844066068,0.4463263055137964
362,2022-03-28 13:55:00,2022-03-28 15:30:00,0.22230899999999998,0.324767,31.0,12.544467927485819,0.2088415,0.305788,3.0,0.45133799079475617,-1.0,12.09312993668982,12.544467927485819
363,2022-03-29 09:15:00,2022-03-29 09:17:00,0.2105165,0.34037799999999996,30.0,15.186236940934121,0.2086545,0.351266,2.0,0.37635400483437725,-1.0,14.809882936099712,15.186236940934121
364,2022-03-29 09:18:00,2022-03-29 09:24:00,0.2112495,0.3178555,30.0,12.466697022021332,0.210293,0.34876549999999995,2.0,0.36543111834899905,-1.0,12.101265903672811,12.466697022021332
365,2022-03-29 09:25:00,2022-03-29 09:26:00,0.206943,0.3192485,2.0,0.2963759913466105,0.2113005,0.315815,30.0,12.222113257303047,1.0,11.925737265956286,0.2963759913466105
366,2022-03-29 09:27:00,2022-03-29 10:39:00,0.2114895,0.31352100000000005,30.0,11.931746779753208,0.20538099999999998,0.315222,2.0,0.28987213685441093,-1.0,11.641874642898983,11.931746779753208
367,2022-03-29 10:40:00,2022-03-29 10:48:00,0.20741749999999998,0.3177065,2.0,0.2910544159424635,0.206674,0.3169785,30.0,12.89920625167019,1.0,12.608151835727313,0.2910544159424635
368,2022-03-29 10:49:00,2022-03-29 10:54:00,0.2058175,0.318095,2.0,0.2963020989036073,0.2061655,0.316938,30.0,12.953935011836652,1.0,12.657632912933423,0.2963020989036073
369,2022-03-29 10:55:00,2022-03-29 11:38:00,0.2063105,0.3159695,30.0,12.823720322850848,0.2046565,0.315333,2.0,0.29207703457331236,-1.0,12.531643288278701,12.823720322850848
370,2022-03-29 11:39:00,2022-03-29 11:47:00,0.205169,0.3488675,2.0,0.37922261503239746,0.20455099999999998,0.3177715,30.0,13.240208526553538,1.0,12.860985911521311,0.37922261503239746
371,2022-03-29 11:48:00,2022-03-29 12:05:00,0.20595400000000003,0.351162,2.0,0.38320620941502065,0.2043465,0.31508899999999995,30.0,12.950426757979823,1.0,12.567220548565274,0.38320620941502065
372,2022-03-29 12:06:00,2022-03-29 12:09:00,0.204715,0.31634249999999997,30.0,13.053920246756148,0.20767,0.31815550000000004,2.0,0.2915729825513973,-1.0,12.762347264204891,13.053920246756148
373,2022-03-29 12:10:00,2022-03-29 12:18:00,0.20792349999999998,0.318147,2.0,0.29088156040615226,0.204994,0.31765200000000005,30.0,13.174428766738082,1.0,12.883547206331968,0.29088156040615226
374,2022-03-29 12:19:00,2022-03-29 12:40:00,0.20468150000000002,0.3180465,30.0,13.257106615963908,0.20337349999999998,0.31721750000000004,2.0,0.30043611718805885,-1.0,12.956670498776475,13.257106615963908
375,2022-03-29 12:41:00,2022-03-29 12:44:00,0.203795,0.281744,2.0,0.20570864427367264,0.20382899999999998,0.315964,30.0,13.113268207834105,1.0,12.907559563560426,0.20570864427367264
376,2022-03-29 12:45:00,2022-03-29 13:18:00,0.203531,0.34733,30.0,16.816113211917212,0.20055650000000003,0.32278399999999996,2.0,0.32256030632798766,-1.0,16.49355290558924,16.816113211917212
377,2022-03-29 13:19:00,2022-03-29 13:43:00,0.19787,0.2882085,2.0,0.23840473079471416,0.20384950000000002,0.3123445,30.0,12.687600073206054,1.0,12.449195342411258,0.23840473079471416
378,2022-03-29 13:44:00,2022-03-29 13:45:00,0.2035455,0.3132515,30.0,12.829216587226542,0.194302,0.31554899999999997,2.0,0.3199727513149621,-1.0,12.509243835911548,12.829216587226542
379,2022-03-29 13:46:00,2022-03-29 13:47:00,0.1941205,0.314358,2.0,0.31730866484311177,0.203413,0.31389449999999997,30.0,12.91990494942545,1.0,12.602596284582432,0.31730866484311177
380,2022-03-29 13:48:00,2022-03-29 15:27:00,0.20362,0.3140195,30.0,12.9103157222168,0.18278650000000002,0.27506949999999997,2.0,0.24353629705970983,-1.0,12.666779425158893,12.9103157222168
381,2022-03-29 15:28:00,2022-03-29 15:30:00,0.201043,0.2906455,30.0,10.478277206870782,0.16388000000000003,0.27535149999999997,2.0,0.2941750521514412,-1.0,10.184102154719312,10.478277206870782
382,2022-03-30 09:15:00,2022-03-30 15:04:00,0.19569999999999999,0.27302099999999996,29.0,8.622926002470622,0.193013,0.25911700000000004,29.0,0.0,-1.0,8.622926002469285,8.622926002470622
383,2022-04-11 09:15:00,2022-04-22 14:02:00,0.1783745,0.227077,17.0,2.5714598333215806,0.1612565,0.223828,6.0,0.0,1.0,-2.571459833336121,2.5714598333215806
384,2022-04-25 09:15:00,2022-04-25 09:28:00,0.1933175,0.2341725,31.0,5.002090975594226,0.224003,0.23268,3.0,0.04039609213459068,-1.0,4.961694883459131,5.002090975594226
385,2022-04-25 09:29:00,2022-04-25 09:30:00,0.225023,0.315239,3.0,0.4200039008890442,0.191085,0.2327955,31.0,5.106834307612847,1.0,4.686830406723857,0.4200039008890442
386,2022-04-25 09:31:00,2022-04-25 09:33:00,0.19121749999999998,0.233038,31.0,5.1203021819811125,0.22200199999999998,0.3085745,3.0,0.0,-1.0,5.12030218198106,5.1203021819811125
387,2022-04-25 09:34:00,2022-04-25 09:46:00,0.2239355,0.2324235,3.0,0.0395161956941807,0.19253150000000002,0.2709475,31.0,9.600880331469751,1.0,9.561364135774966,0.0395161956941807
388,2022-04-25 09:47:00,2022-04-25 10:07:00,0.19258799999999998,0.30622150000000004,31.0,13.912742745690531,0.221551,0.272486,3.0,0.23712976292213656,-1.0,13.675612982769053,13.912742745690531
389,2022-04-25 10:08:00,2022-04-25 10:10:00,0.2217765,0.273266,3.0,0.23971125803434484,0.19079849999999998,0.2731055,31.0,10.07727577844166,1.0,9.837564520406886,0.23971125803434484
390,2022-04-25 10:11:00,2022-04-25 10:24:00,0.190937,0.271508,31.0,9.864728233866172,0.2242965,0.23464400000000002,3.0,0.048173166228267596,-1.0,9.816555067638546,9.864728233866172
391,2022-04-25 10:25:00,2022-04-25 10:39:00,0.224374,0.2337505,3.0,0.043652640071452156,0.1946135,0.27333399999999997,31.0,9.638161856425532,1.0,9.594509216354709,0.043652640071452156
392,2022-04-25 10:40:00,2022-04-25 10:41:00,0.1950615,0.2741125,31.0,9.678626697141086,0.22533799999999998,0.307566,3.0,0.0,-1.0,9.678626697141226,9.678626697141086
393,2022-04-25 10:42:00,2022-04-25 11:04:00,0.22594,0.237435,3.0,0.0535153946164712,0.1922905,0.26665700000000003,31.0,9.105078901885403,1.0,9.051563507269748,0.0535153946164712
394,2022-04-25 11:05:00,2022-04-25 11:18:00,0.2080055,0.26756199999999997,3.0,0.27726747276867014,0.195179,0.306999,31.0,13.690706471446493,1.0,13.41343899867843,0.27726747276867014
395,2022-04-25 11:19:00,2022-04-25 11:43:00,0.222677,0.23906,3.0,0.07627165811236593,0.19517400000000001,0.27449049999999997,31.0,9.711133248457207,1.0,9.634861590343462,0.07627165811236593
396,2022-04-25 11:44:00,2022-04-25 11:50:00,0.19530799999999998,0.237926,31.0,5.2179442711510164,0.22453299999999998,0.3080485,3.0,0.0,-1.0,5.217944271151282,5.2179442711510164
397,2022-04-25 11:51:00,2022-04-25 12:06:00,0.224518,0.2735865,3.0,0.22844020363099754,0.196536,0.27634000000000003,31.0,9.770820418952926,1.0,9.542380215321828,0.22844020363099754
398,2022-04-25 12:07:00,2022-04-25 12:11:00,0.1969725,0.276084,31.0,9.686034028043633,0.22476449999999998,0.23803049999999998,3.0,0.061760350150683485,-1.0,9.624273677894053,9.686034028043633
399,2022-04-25 12:12:00,2022-04-25 12:14:00,0.2241475,0.2719975,3.0,0.2227674321355499,0.1975225,0.27652,31.0,9.67207641278925,1.0,9.449308980653768,0.2227674321355499
400,2022-04-25 12:15:00,2022-04-25 12:34:00,0.1982775,0.274867,31.0,9.37725239934583,0.24064999999999998,0.24373,3.0,0.01433905310297805,-1.0,9.362913346243658,9.37725239934583
401,2022-04-25 12:35:00,2022-04-25 12:37:00,0.2397465,0.283733,3.0,0.20478076601108397,0.2049725,0.2835185,31.0,9.61679691026861,1.0,9.412016144256995,0.20478076601108397
402,2022-04-25 12:38:00,2022-04-25 13:15:00,0.2049965,0.2831375,31.0,9.567210645549096,0.2250235,0.277086,3.0,0.2423788805759053,-1.0,9.324831764974988,9.567210645549096
403,2022-04-25 13:16:00,2022-04-25 13:19:00,0.22414250000000002,0.2753915,3.0,0.23859160145276476,0.200833,0.312393,31.0,13.658873313848773,1.0,13.42028171239599,0.23859160145276476
404,2022-04-25 13:20:00,2022-04-25 13:28:00,0.201289,0.2405815,31.0,4.810785941954134,0.2277365,0.279401,3.0,0.2405259769606503,-1.0,4.570259964993056,4.810785941954134
405,2022-04-25 13:29:00,2022-04-25 14:07:00,0.202599,0.241558,31.0,4.769953795573991,0.227824,0.277821,3.0,0.23276286947713865,-1.0,4.537190926097537,4.769953795573991
406,2022-04-25 14:08:00,2022-04-25 14:24:00,0.20227699999999998,0.2449605,31.0,5.225963778161209,0.22208250000000002,0.323737,3.0,0.0,-1.0,5.225963778161713,5.225963778161209
407,2022-04-25 14:26:00,2022-04-25 14:38:00,0.2054975,0.247552,31.0,5.148952023819051,0.2222665,0.286294,3.0,0.0,-1.0,5.14895202381922,5.148952023819051
408,2022-04-25 14:39:00,2022-04-25 14:41:00,0.206213,0.24760100000000002,31.0,5.067348948669535,0.22264,0.2879345,3.0,0.0,-1.0,5.06734894866986,5.067348948669535
409,2022-04-25 14:42:00,2022-04-25 14:50:00,0.2370445,0.285854,3.0,0.22723441962006527,0.20592850000000001,0.280486,31.0,9.128464029197564,1.0,8.901229609577967,0.22723441962006527
410,2022-04-25 14:51:00,2022-04-25 15:27:00,0.204738,0.30541,31.0,12.325798621833849,0.221558,0.238742,3.0,0.08000074302648465,-1.0,12.245797878807934,12.325798621833849
411,2022-04-25 15:28:00,2022-04-26 09:15:00,0.221908,0.2374375,3.0,0.07229815752035575,0.18823099999999998,0.2787805,30.0,10.589021086951211,1.0,10.516722929431126,0.07229815752035575
412,2022-04-26 09:16:00,2022-04-26 10:08:00,0.189124,0.250806,30.0,7.213203813221767,0.19625700000000001,0.2229085,2.0,0.07033373016792756,-1.0,7.142870083050184,7.213203813221767
413,2022-04-26 10:09:00,2022-04-26 10:10:00,0.19651649999999998,0.222912,2.0,0.06965814211761188,0.18587599999999999,0.2231215,30.0,4.355555634145318,1.0,4.2858974920272885,0.06965814211761188
414,2022-04-26 10:11:00,2022-04-26 12:48:00,0.1857725,0.22343249999999998,30.0,4.4040280082671055,0.211256,0.224785,2.0,0.035703245049693,-1.0,4.3683247632206985,4.4040280082671055
415,2022-04-26 12:49:00,2022-04-26 12:59:00,0.2105175,0.22390500000000002,2.0,0.0353298243109443,0.188946,0.25456599999999996,30.0,7.6737206028276015,1.0,7.638390778516623,0.0353298243109443
416,2022-04-26 13:00:00,2022-04-26 13:02:00,0.189804,0.22942,30.0,4.632766159732072,0.2090825,0.2510975,2.0,0.11087824974224622,-1.0,4.521887909990255,4.632766159732072
417,2022-04-26 13:03:00,2022-04-26 13:25:00,0.2087635,0.273014,2.0,0.16955808604222763,0.18422349999999998,0.2257225,30.0,4.852967560145427,1.0,4.683409474102518,0.16955808604222763
418,2022-04-26 13:26:00,2022-04-26 15:05:00,0.184768,0.22665649999999998,30.0,4.898516389386531,0.186225,0.244581,2.0,0.0,-1.0,4.898516389391261,4.898516389386531
419,2022-04-26 15:06:00,2022-04-26 15:15:00,0.183703,0.2223675,2.0,0.10203622723215712,0.180202,0.2539165,30.0,8.620305964296488,1.0,8.518269737064657,0.10203622723215712
420,2022-04-26 15:16:00,2022-04-26 15:20:00,0.1782245,0.236935,30.0,6.865711268703295,0.1814945,0.221298,2.0,0.10504206625289775,-1.0,6.760669202450117,6.865711268703295
421,2022-04-26 15:21:00,2022-04-26 15:23:00,0.18202000000000002,0.219722,2.0,0.09949617450391927,0.18064,0.23619600000000002,30.0,6.496818375658194,1.0,6.397322201153656,0.09949617450391927
422,2022-04-26 15:24:00,2022-04-26 15:25:00,0.18051699999999998,0.2505965,30.0,8.195222538644582,0.184143,0.221669,2.0,0.09903170771932726,-1.0,8.09619083092548,8.195222538644582
423,2022-04-26 15:26:00,2022-04-27 09:15:00,0.1841735,0.2200805,2.0,0.09475914110424467,0.191218,0.22964400000000001,29.0,4.285311294097806,1.0,4.190552152993405,0.09475914110424467
424,2022-04-27 09:16:00,2022-04-27 15:17:00,0.192292,0.23376,29.0,4.624558599480761,0.19787,0.230876,29.0,0.0,-1.0,4.624558599474767,4.624558599480761
425,2022-05-02 09:19:00,2022-05-02 09:52:00,0.2064245,0.2387535,24.0,2.7662282334519794,0.201774,0.2450255,24.0,0.0,1.0,-2.76622823345042,2.7662282334519794
426,2022-05-02 15:15:00,2022-05-04 14:10:00,0.19494099999999998,0.232255,24.0,3.192769349594086,0.219524,0.265436,22.0,0.0,1.0,-3.1927693495917993,3.192769349594086
427,2022-05-04 14:45:00,2022-05-04 14:47:00,0.215887,0.271436,22.0,4.207925074733896,0.21660849999999998,0.2633635,22.0,0.0,-1.0,4.207925074733794,4.207925074733896
428,2022-05-04 14:53:00,2022-05-04 15:15:00,0.2189365,0.274308,22.0,4.194479167503066,0.2140355,0.2608325,22.0,0.0,-1.0,4.194479167503232,4.194479167503066
429,2022-05-09 09:15:00,2022-05-11 10:37:00,0.21973150000000002,0.26140149999999995,17.0,2.2001484780968132,0.224854,0.26643700000000003,15.0,0.0,1.0,-2.2001484780930696,2.2001484780968132
430,2022-05-16 10:04:00,2022-05-16 15:28:00,0.23715599999999998,0.2793765,10.0,1.060531010815503,0.23067500000000002,0.279837,10.0,0.0,1.0,-1.0605310108057893,1.060531010815503
431,2022-05-19 13:44:00,2022-05-24 15:15:00,0.230518,0.2711415,7.0,0.6193192714448331,0.2680205,0.3252845,2.0,0.0,1.0,-0.6193192714517863,0.6193192714448331
432,2022-06-06 09:15:00,2022-06-08 12:20:00,0.18644,0.233145,24.0,3.996309494366504,0.1817925,0.2127435,22.0,0.0,-1.0,3.9963094943741453,3.996309494366504
433,2022-06-13 13:46:00,2022-06-13 14:35:00,0.228396,0.2597355,17.0,1.654704901111477,0.223827,0.2611295,17.0,0.0,1.0,-1.6547049011132913,1.654704901111477
434,2022-06-13 14:57:00,2022-06-13 15:22:00,0.228794,0.25944849999999997,17.0,1.6185373535353689,0.220551,0.257679,17.0,0.0,1.0,-1.6185373535354302,1.6185373535353689
435,2022-06-14 12:45:00,2022-06-14 12:53:00,0.2191705,0.26307899999999995,16.0,2.1296909075398953,0.22067900000000001,0.2607985,16.0,0.0,-1.0,2.129690907540862,2.1296909075398953
436,2022-06-14 13:37:00,2022-06-15 09:15:00,0.21948600000000001,0.263382,16.0,2.129084620913293,0.22008250000000001,0.2607775,15.0,0.0,-1.0,2.129084620912181,2.129084620913293
437,2022-06-15 14:18:00,2022-06-15 14:41:00,0.2202715,0.2543275,15.0,1.509111747550828,0.218917,0.257677,15.0,0.0,1.0,-1.5091117475494684,1.509111747550828
438,2022-06-15 15:03:00,2022-06-20 12:05:00,0.2239755,0.25818300000000005,15.0,1.5158251146448518,0.2313165,0.2648285,10.0,0.0,1.0,-1.5158251146403927,1.5158251146448518
439,2022-06-22 13:32:00,2022-06-23 11:49:00,0.217868,0.2446105,8.0,0.4915050521361313,0.20183,0.23723450000000001,7.0,0.0,1.0,-0.4915050521294688,0.4915050521361313
440,2022-06-23 14:03:00,2022-06-23 14:39:00,0.2103345,0.2360565,7.0,0.3921407633538223,0.1915145,0.22788799999999998,7.0,0.0,1.0,-0.39214076335429127,0.3921407633538223
441,2022-06-23 15:15:00,2022-06-24 09:25:00,0.1971625,0.2222535,7.0,0.382520950676882,0.209225,0.247889,6.0,0.0,1.0,-0.3825209506758256,0.382520950676882
442,2022-06-27 09:16:00,2022-06-27 09:22:00,0.1999505,0.263599,31.0,7.792818197530515,0.231241,0.262048,3.0,0.14342311978683148,-1.0,7.6493950777430655,7.792818197530515
443,2022-06-27 09:23:00,2022-06-27 09:26:00,0.229429,0.24006149999999998,3.0,0.04949999419396514,0.1997465,0.2592185,31.0,7.281467494811894,1.0,7.231967500618339,0.04949999419396514
444,2022-06-27 09:27:00,2022-06-27 09:30:00,0.20032149999999999,0.2583415,31.0,7.103691553150827,0.23142649999999998,0.259227,3.0,0.12942624863290192,-1.0,6.974265304518667,7.103691553150827
445,2022-06-27 09:31:00,2022-06-27 09:33:00,0.2314965,0.2358885,3.0,0.020447117281908813,0.2001755,0.255872,31.0,6.8192133159266595,1.0,6.798766198644444,0.020447117281908813
446,2022-06-27 09:34:00,2022-06-27 09:40:00,0.19882850000000002,0.2568895,31.0,7.108711397233538,0.230925,0.2591285,3.0,0.13130242993176552,-1.0,6.977408967302836,7.108711397233538
447,2022-06-27 09:41:00,2022-06-27 09:42:00,0.216446,0.2367495,31.0,2.4858635203274355,0.2326045,0.2606835,3.0,0.13072281560990825,-1.0,2.355140704717087,2.4858635203274355
448,2022-06-27 09:43:00,2022-06-27 09:46:00,0.2002315,0.2362015,31.0,4.403994918421841,0.231106,0.26270950000000004,3.0,0.14713125478570235,-1.0,4.256863663636068,4.403994918421841
449,2022-06-27 09:47:00,2022-06-27 09:58:00,0.230842,0.2607935,3.0,0.13944030812137778,0.199283,0.240265,31.0,5.017640248728495,1.0,4.878199940608283,0.13944030812137778
450,2022-06-27 09:59:00,2022-06-27 10:01:00,0.19939449999999997,0.2386665,31.0,4.808276019912778,0.2306535,0.262934,3.0,0.15028305314632426,-1.0,4.657992966766869,4.808276019912778
451,2022-06-27 10:02:00,2022-06-27 10:10:00,0.2304425,0.261717,3.0,0.14559958320424768,0.199852,0.2394815,31.0,4.852046611609629,1.0,4.706447028406728,0.14559958320424768
452,2022-06-27 10:11:00,2022-06-27 10:22:00,0.199629,0.2394485,31.0,4.875309303700265,0.229903,0.2362595,3.0,0.029592919171779024,-1.0,4.845716384528714,4.875309303700265
453,2022-06-27 10:23:00,2022-06-27 10:44:00,0.2301405,0.2377385,3.0,0.03537276801182668,0.199415,0.261704,31.0,7.626367513860938,1.0,7.590994745850367,0.03537276801182668
454,2022-06-27 10:45:00,2022-06-27 12:37:00,0.199171,0.2395215,31.0,4.940322406332514,0.22517199999999998,0.234948,3.0,0.045512526991789704,-1.0,4.894809879339846,4.940322406332514
455,2022-06-27 12:38:00,2022-06-27 12:39:00,0.225705,0.2345805,3.0,0.041320216173857366,0.198911,0.2348015,31.0,4.394261318310232,1.0,4.352941102136356,0.041320216173857366
456,2022-06-27 12:40:00,2022-06-27 12:45:00,0.199023,0.2583285,31.0,7.261082030427204,0.226171,0.2356395,3.0,0.044080949449852705,-1.0,7.217001080976843,7.261082030427204
457,2022-06-27 12:46:00,2022-06-27 12:48:00,0.226553,0.2354045,3.0,0.04120848329253535,0.1991455,0.25875,31.0,7.297690161664567,1.0,7.256481678372438,0.04120848329253535
458,2022-06-27 12:49:00,2022-06-27 12:55:00,0.2001475,0.258454,31.0,7.138769244119074,0.2259555,0.2332295,3.0,0.033864374113980994,-1.0,7.104904870006067,7.138769244119074
459,2022-06-27 12:56:00,2022-06-27 13:08:00,0.224873,0.253416,3.0,0.13288298464879827,0.20012249999999998,0.2555155,31.0,6.782054226192413,1.0,6.649171241544536,0.13288298464879827
460,2022-06-27 13:09:00,2022-06-27 13:10:00,0.19976349999999998,0.2548425,31.0,6.743609566632104,0.2265835,0.2561725,3.0,0.13775267605974487,-1.0,6.605856890572795,6.743609566632104
461,2022-06-27 13:11:00,2022-06-27 13:29:00,0.2265425,0.2571715,3.0,0.1425944342503606,0.20012799999999997,0.254083,31.0,6.605992377632765,1.0,6.463397943382006,0.1425944342503606
462,2022-06-27 13:30:00,2022-06-27 13:32:00,0.22678500000000001,0.234293,3.0,0.0349537697068695,0.200478,0.2549405,31.0,6.668128252559066,1.0,6.633174482852155,0.0349537697068695
463,2022-06-27 13:33:00,2022-06-27 13:39:00,0.22581,0.2348945,3.0,0.04229322334870223,0.199996,0.2569635,31.0,6.974828482490859,1.0,6.932535259142242,0.04229322334870223
464,2022-06-27 13:40:00,2022-06-27 13:41:00,0.199841,0.256514,31.0,6.938771309750378,0.2256625,0.2567375,3.0,0.1446708036282595,-1.0,6.794100506122049,6.938771309750378
465,2022-06-27 13:42:00,2022-06-27 13:54:00,0.22642,0.235008,3.0,0.039981749366355256,0.20114100000000001,0.278138,31.0,9.427144752119165,1.0,9.387163002752459,0.039981749366355256
466,2022-06-27 13:55:00,2022-06-27 14:08:00,0.22571000000000002,0.257543,3.0,0.14819970046334294,0.2020585,0.2336855,31.0,3.872258751318529,1.0,3.724059050854521,0.14819970046334294
467,2022-06-27 14:09:00,2022-06-27 15:30:00,0.201854,0.23295549999999998,31.0,3.8079190424046923,0.21023199999999997,0.24359799999999998,3.0,0.1553366382577797,-1.0,3.6525824041509622,3.8079190424046923
468,2022-06-28 09:15:00,2022-06-28 11:47:00,0.20544600000000002,0.2330825,30.0,3.231861923804404,0.231985,0.235853,2.0,0.010207713197739136,-1.0,3.221654210606175,3.231861923804404
469,2022-06-28 11:48:00,2022-06-28 11:50:00,0.206133,0.235996,30.0,3.4922328308784034,0.2317555,0.2359865,2.0,0.01116567594096019,-1.0,3.481067154937591,3.4922328308784034
470,2022-06-28 11:51:00,2022-06-28 12:04:00,0.232443,0.23599150000000002,2.0,0.009364547642755256,0.206096,0.2357645,30.0,3.4694876517066557,1.0,3.4601231040642233,0.009364547642755256
471,2022-06-28 12:05:00,2022-06-28 12:12:00,0.20637,0.235665,30.0,3.425809891189193,0.23039300000000001,0.236431,2.0,0.015934377530493437,-1.0,3.409875513658335,3.425809891189193
472,2022-06-28 12:13:00,2022-06-28 12:16:00,0.2306415,0.2363145,2.0,0.014971136755629288,0.20623,0.23568050000000001,30.0,3.443994340347068,1.0,3.429023203591896,0.014971136755629288
473,2022-06-28 12:17:00,2022-06-28 12:34:00,0.2062175,0.236888,30.0,3.5866633305245967,0.23095949999999998,0.253626,2.0,0.0598172521190677,-1.0,3.526846078406379,3.5866633305245967
474,2022-06-28 12:35:00,2022-06-28 12:39:00,0.23195549999999998,0.2556985,2.0,0.0626581526509617,0.2074155,0.23503649999999998,30.0,3.2300493259783782,1.0,3.167391173326905,0.0626581526509617
475,2022-06-28 12:40:00,2022-06-28 12:59:00,0.2059775,0.233203,30.0,3.1837988459659083,0.23223,0.2554065,2.0,0.06116315018805594,-1.0,3.1226356957786265,3.1837988459659083
476,2022-06-28 13:00:00,2022-06-28 13:04:00,0.2310275,0.2552665,2.0,0.06396710449844839,0.207057,0.23537000000000002,30.0,3.3109730482758044,1.0,3.2470059437782766,0.06396710449844839
477,2022-06-28 13:05:00,2022-06-28 13:32:00,0.20682,0.2360155,30.0,3.414174182564055,0.2227075,0.235316,2.0,0.03327403098596005,-1.0,3.3809001515801356,3.414174182564055
478,2022-06-28 13:33:00,2022-06-28 13:47:00,0.2236575,0.235316,2.0,0.03076696595549154,0.20760050000000002,0.233915,30.0,3.0772648705136696,1.0,3.0464979045573273,0.03076696595549154
479,2022-06-28 13:48:00,2022-06-28 13:49:00,0.2073585,0.233531,30.0,3.0606591355913664,0.22273300000000001,0.2345215,2.0,0.03111003801229247,-1.0,3.029549097578638,3.0606591355913664
480,2022-06-28 13:50:00,2022-06-28 13:54:00,0.20767750000000001,0.2604825,30.0,6.175111496987377,0.2236285,0.23705700000000002,2.0,0.03543802395962764,-1.0,6.1396734730278695,6.175111496987377
481,2022-06-28 13:55:00,2022-06-28 14:04:00,0.223356,0.2370325,2.0,0.036092499883370995,0.2090595,0.263557,30.0,6.373035485409895,1.0,6.336942985524729,0.036092499883370995
482,2022-06-28 14:05:00,2022-06-28 14:09:00,0.209035,0.2638595,30.0,6.4112754524492885,0.2214625,0.234712,2.0,0.03496564012757092,-1.0,6.376309812321779,6.4112754524492885
483,2022-06-28 14:10:00,2022-06-28 14:28:00,0.22161999999999998,0.233784,2.0,0.03210098845328299,0.2091315,0.2341395,30.0,2.924480415048961,1.0,2.892379426595653,0.03210098845328299
484,2022-06-28 14:29:00,2022-06-29 14:35:00,0.209048,0.235049,30.0,3.0406036177098534,0.21439950000000002,0.2340625,29.0,0.0,-1.0,3.040603617713714,3.0406036177098534
